API Call Date, API Call Time,  Running Count, City Name, Return Code
2019-09-04,12:59:03.858813,1,belushya guba,404
2019-09-04,12:59:03.974274,2,ushuaia,200
2019-09-04,12:59:04.114777,3,mataura,200
2019-09-04,12:59:04.417682,4,cape town,200
2019-09-04,12:59:04.557873,5,itarema,200
2019-09-04,12:59:04.772210,6,faya,200
2019-09-04,12:59:05.083178,7,deputatskiy,200
2019-09-04,12:59:05.342681,8,ngukurr,404
2019-09-04,12:59:05.471841,9,new norfolk,200
2019-09-04,12:59:05.704897,10,rikitea,200
2019-09-04,12:59:05.977215,11,atuona,200
2019-09-04,12:59:06.259224,12,butaritari,200
2019-09-04,12:59:06.499343,13,rikitea,200
2019-09-04,12:59:06.779085,14,mataura,200
2019-09-04,12:59:06.933073,15,hermanus,200
2019-09-04,12:59:07.201177,16,atuona,200
2019-09-04,12:59:07.310612,17,jamestown,200
2019-09-04,12:59:07.601867,18,butaritari,200
2019-09-04,12:59:07.726833,19,hilo,200
2019-09-04,12:59:08.063540,20,sept-iles,200
2019-09-04,12:59:08.203811,21,tacoronte,200
2019-09-04,12:59:08.442211,22,cape town,200
2019-09-04,12:59:08.568169,23,boden,200
2019-09-04,12:59:08.786467,24,dasoguz,200
2019-09-04,12:59:09.015854,25,ushuaia,200
2019-09-04,12:59:09.138408,26,nalut,200
2019-09-04,12:59:09.369421,27,busselton,200
2019-09-04,12:59:09.592694,28,youghal,200
2019-09-04,12:59:09.925661,29,albany,200
2019-09-04,12:59:10.060875,30,chuy,200
2019-09-04,12:59:10.189640,31,hilo,200
2019-09-04,12:59:10.299372,32,skagastrond,404
2019-09-04,12:59:10.499229,33,buala,200
2019-09-04,12:59:10.755926,34,lompoc,200
2019-09-04,12:59:10.912141,35,saint-philippe,200
2019-09-04,12:59:11.247378,36,uporovo,200
2019-09-04,12:59:11.520605,37,bijar,200
2019-09-04,12:59:11.775627,38,rikitea,200
2019-09-04,12:59:11.882975,39,belushya guba,404
2019-09-04,12:59:12.011302,40,cairns,200
2019-09-04,12:59:12.153255,41,mtambile,200
2019-09-04,12:59:12.376845,42,bengbu,200
2019-09-04,12:59:12.595526,43,cap malheureux,200
2019-09-04,12:59:12.829386,44,khatanga,200
2019-09-04,12:59:12.948001,45,temaraia,404
2019-09-04,12:59:13.088314,46,omsukchan,200
2019-09-04,12:59:13.307850,47,orlik,200
2019-09-04,12:59:13.529465,48,hwange,200
2019-09-04,12:59:13.762922,49,ucluelet,200
2019-09-04,12:59:13.979325,50,ornskoldsvik,200
2019-09-04,12:59:14.237809,51,puerto ayora,200
2019-09-04,12:59:14.361684,52,candolim,200
2019-09-04,12:59:14.612956,53,hobart,200
2019-09-04,12:59:14.753561,54,kapaa,200
2019-09-04,12:59:14.979661,55,kapaa,200
2019-09-04,12:59:15.104653,56,khasan,200
2019-09-04,12:59:15.314882,57,new norfolk,200
2019-09-04,12:59:15.439956,58,severo-kurilsk,200
2019-09-04,12:59:15.683771,59,ust-kamchatsk,404
2019-09-04,12:59:15.828357,60,rawson,200
2019-09-04,12:59:16.059547,61,georgetown,200
2019-09-04,12:59:16.302384,62,bluff,200
2019-09-04,12:59:16.428640,63,kolimvari,404
2019-09-04,12:59:16.566807,64,samusu,404
2019-09-04,12:59:16.692227,65,rikitea,200
2019-09-04,12:59:16.834077,66,sulangan,200
2019-09-04,12:59:17.067980,67,tuktoyaktuk,200
2019-09-04,12:59:17.289715,68,batemans bay,200
2019-09-04,12:59:17.511701,69,kapaa,200
2019-09-04,12:59:17.629126,70,east london,200
2019-09-04,12:59:17.845536,71,kapaa,200
2019-09-04,12:59:17.986166,72,sao filipe,200
2019-09-04,12:59:18.115639,73,vardo,200
2019-09-04,12:59:18.351398,74,saldanha,200
2019-09-04,12:59:18.571530,75,nanortalik,200
2019-09-04,12:59:18.801670,76,fenoarivo,200
2019-09-04,12:59:19.019978,77,bluff,200
2019-09-04,12:59:19.144014,78,batesville,200
2019-09-04,12:59:19.273733,79,jamestown,200
2019-09-04,12:59:19.390992,80,cherskiy,200
2019-09-04,12:59:19.641739,81,torbay,200
2019-09-04,12:59:19.766372,82,ribeira grande,200
2019-09-04,12:59:19.881291,83,port alfred,200
2019-09-04,12:59:20.117060,84,jumla,200
2019-09-04,12:59:20.359239,85,hithadhoo,200
2019-09-04,12:59:20.582198,86,bilma,200
2019-09-04,12:59:20.799626,87,vardo,200
2019-09-04,12:59:20.925986,88,port alfred,200
2019-09-04,12:59:21.049341,89,mataura,200
2019-09-04,12:59:21.158448,90,nador,200
2019-09-04,12:59:21.304800,91,busselton,200
2019-09-04,12:59:21.423191,92,mataura,200
2019-09-04,12:59:21.543402,93,punta arenas,200
2019-09-04,12:59:21.782276,94,saskylakh,200
2019-09-04,12:59:21.984636,95,ucluelet,200
2019-09-04,12:59:22.108395,96,albany,200
2019-09-04,12:59:22.226631,97,palabuhanratu,404
2019-09-04,12:59:22.340314,98,saint george,200
2019-09-04,12:59:22.573250,99,port alfred,200
2019-09-04,12:59:22.682939,100,ushuaia,200
2019-09-04,12:59:22.815573,101,rikitea,200
2019-09-04,12:59:22.923537,102,hilo,200
2019-09-04,12:59:23.063112,103,mende,200
2019-09-04,12:59:23.289063,104,bluff,200
2019-09-04,12:59:23.391362,105,kavieng,200
2019-09-04,12:59:23.638263,106,rikitea,200
2019-09-04,12:59:23.763360,107,micheweni,200
2019-09-04,12:59:23.989068,108,bonwapitse,200
2019-09-04,12:59:24.223434,109,viligili,404
2019-09-04,12:59:24.461151,110,jamestown,200
2019-09-04,12:59:24.575150,111,jamestown,200
2019-09-04,12:59:24.698078,112,jamestown,200
2019-09-04,12:59:24.805083,113,blind river,200
2019-09-04,12:59:25.023654,114,mataura,200
2019-09-04,12:59:25.148613,115,barentsburg,404
2019-09-04,12:59:25.276118,116,lavrentiya,200
2019-09-04,12:59:25.513822,117,olafsvik,404
2019-09-04,12:59:25.629961,118,padang,200
2019-09-04,12:59:25.853902,119,bredasdorp,200
2019-09-04,12:59:26.073373,120,chuy,200
2019-09-04,12:59:26.202903,121,muros,200
2019-09-04,12:59:26.419811,122,port elizabeth,200
2019-09-04,12:59:26.690495,123,ancud,200
2019-09-04,12:59:26.923030,124,bezerros,200
2019-09-04,12:59:27.191631,125,llanes,200
2019-09-04,12:59:27.441445,126,bluff,200
2019-09-04,12:59:27.566459,127,busselton,200
2019-09-04,12:59:27.691277,128,tezu,200
2019-09-04,12:59:27.911396,129,pleasanton,200
2019-09-04,12:59:28.143394,130,albany,200
2019-09-04,12:59:28.269620,131,hobart,200
2019-09-04,12:59:28.395010,132,mataura,200
2019-09-04,12:59:28.516166,133,mataura,200
2019-09-04,12:59:28.637318,134,lebu,200
2019-09-04,12:59:28.845707,135,saleaula,404
2019-09-04,12:59:28.969128,136,ribeira grande,200
2019-09-04,12:59:29.155505,137,punta arenas,200
2019-09-04,12:59:29.280548,138,mar del plata,200
2019-09-04,12:59:29.492495,139,tuktoyaktuk,200
2019-09-04,12:59:29.615193,140,barrow,200
2019-09-04,12:59:29.913223,141,jamestown,200
2019-09-04,12:59:30.038252,142,warqla,404
2019-09-04,12:59:30.172804,143,jasper,200
2019-09-04,12:59:30.431131,144,grindavik,200
2019-09-04,12:59:30.656585,145,avarua,200
2019-09-04,12:59:30.782890,146,nyborg,200
2019-09-04,12:59:31.014078,147,warqla,404
2019-09-04,12:59:31.139122,148,broken hill,200
2019-09-04,12:59:31.365473,149,kapaa,200
2019-09-04,12:59:31.490629,150,ribeira grande,200
2019-09-04,12:59:31.608387,151,kaseda,200
2019-09-04,12:59:31.870502,152,hombourg-haut,200
2019-09-04,12:59:32.090783,153,khatanga,200
2019-09-04,12:59:32.199326,154,jamestown,200
2019-09-04,12:59:32.336611,155,vaini,200
2019-09-04,12:59:32.508852,156,parati,200
2019-09-04,12:59:32.742985,157,codrington,200
2019-09-04,12:59:32.972937,158,hobart,200
2019-09-04,12:59:33.081430,159,kruisfontein,200
2019-09-04,12:59:33.315065,160,longyearbyen,200
2019-09-04,12:59:33.545952,161,hermanus,200
2019-09-04,12:59:33.663479,162,berea,200
2019-09-04,12:59:33.891299,163,kapaa,200
2019-09-04,12:59:34.018869,164,maniitsoq,200
2019-09-04,12:59:34.326853,165,taolanaro,404
2019-09-04,12:59:34.459614,166,barrow,200
2019-09-04,12:59:34.581164,167,mataura,200
2019-09-04,12:59:34.702527,168,ust-maya,200
2019-09-04,12:59:34.914836,169,shimoda,200
2019-09-04,12:59:35.147608,170,arraial do cabo,200
2019-09-04,12:59:35.387707,171,vaini,200
2019-09-04,12:59:35.503363,172,lagoa,200
2019-09-04,12:59:35.626789,173,iwanai,200
2019-09-04,12:59:35.845729,174,albany,200
2019-09-04,12:59:35.979213,175,busselton,200
2019-09-04,12:59:36.104361,176,vaini,200
2019-09-04,12:59:36.222438,177,east london,200
2019-09-04,12:59:36.343756,178,rikitea,200
2019-09-04,12:59:36.455284,179,inta,200
2019-09-04,12:59:36.672598,180,ushuaia,200
2019-09-04,12:59:36.798380,181,upernavik,200
2019-09-04,12:59:37.035309,182,saskylakh,200
2019-09-04,12:59:37.163547,183,ponta do sol,200
2019-09-04,12:59:37.376328,184,longyearbyen,200
2019-09-04,12:59:37.495385,185,sao filipe,200
2019-09-04,12:59:37.608244,186,ahar,200
2019-09-04,12:59:37.827186,187,shingu,200
2019-09-04,12:59:38.183536,188,port alfred,200
2019-09-04,12:59:38.296077,189,east london,200
2019-09-04,12:59:38.431446,190,hilo,200
2019-09-04,12:59:38.541168,191,pokosnoye,200
2019-09-04,12:59:38.783702,192,nikolskoye,200
2019-09-04,12:59:39.009068,193,sitka,200
2019-09-04,12:59:39.232699,194,mar del plata,200
2019-09-04,12:59:39.347120,195,sentyabrskiy,404
2019-09-04,12:59:39.481633,196,tiksi,200
2019-09-04,12:59:39.778901,197,new norfolk,200
2019-09-04,12:59:39.901101,198,petropavlovsk-kamchatskiy,200
2019-09-04,12:59:40.111589,199,tanabe,200
2019-09-04,12:59:40.337561,200,lavrentiya,200
2019-09-04,12:59:40.452915,201,hermanus,200
2019-09-04,12:59:40.569129,202,arraial do cabo,200
2019-09-04,12:59:40.689206,203,saint-philippe,200
2019-09-04,12:59:40.805039,204,castro,200
2019-09-04,12:59:41.059764,205,hay river,200
2019-09-04,12:59:41.278576,206,ribeira grande,200
2019-09-04,12:59:41.392454,207,qaanaaq,200
2019-09-04,12:59:41.654398,208,yellowknife,200
2019-09-04,12:59:41.897268,209,torbay,200
2019-09-04,12:59:42.040233,210,avarua,200
2019-09-04,12:59:42.154666,211,sorland,200
2019-09-04,12:59:42.407055,212,inuvik,200
2019-09-04,12:59:42.618167,213,barrow,200
2019-09-04,12:59:42.741440,214,amderma,404
2019-09-04,12:59:42.879910,215,victoria,200
2019-09-04,12:59:43.101843,216,cape town,200
2019-09-04,12:59:43.216318,217,ushuaia,200
2019-09-04,12:59:43.333930,218,ushuaia,200
2019-09-04,12:59:43.439624,219,albany,200
2019-09-04,12:59:43.569580,220,carnarvon,200
2019-09-04,12:59:43.793120,221,camopi,200
2019-09-04,12:59:44.012655,222,barentsburg,404
2019-09-04,12:59:44.137665,223,narsaq,200
2019-09-04,12:59:44.355638,224,taolanaro,404
2019-09-04,12:59:44.480333,225,punta arenas,200
2019-09-04,12:59:44.595261,226,luau,200
2019-09-04,12:59:44.850799,227,filadelfia,200
2019-09-04,12:59:45.047628,228,busselton,200
2019-09-04,12:59:45.173309,229,svobodnyy,200
2019-09-04,12:59:45.401558,230,albany,200
2019-09-04,12:59:45.525877,231,vaitupu,404
2019-09-04,12:59:45.652358,232,hilo,200
2019-09-04,12:59:45.753680,233,finschhafen,200
2019-09-04,12:59:45.970693,234,juybar,200
2019-09-04,12:59:46.200572,235,thompson,200
2019-09-04,12:59:46.475362,236,carnarvon,200
2019-09-04,12:59:46.600702,237,maceio,200
2019-09-04,12:59:46.725623,238,albany,200
2019-09-04,12:59:46.836391,239,bluff,200
2019-09-04,12:59:46.954664,240,harper,200
2019-09-04,12:59:47.192972,241,tasiilaq,200
2019-09-04,12:59:47.317339,242,deutschlandsberg,200
2019-09-04,12:59:47.535254,243,dikson,200
2019-09-04,12:59:47.837033,244,caravelas,200
2019-09-04,12:59:48.057003,245,kangaba,200
2019-09-04,12:59:48.289811,246,pontianak,200
2019-09-04,12:59:48.518504,247,lebu,200
2019-09-04,12:59:48.682076,248,rikitea,200
2019-09-04,12:59:48.807284,249,yelizovo,200
2019-09-04,12:59:49.071454,250,kamina,200
2019-09-04,12:59:49.287655,251,busselton,200
2019-09-04,12:59:49.402556,252,busselton,200
2019-09-04,12:59:49.520094,253,laguna,200
2019-09-04,12:59:49.752413,254,comal,200
2019-09-04,12:59:49.968977,255,don marcelino,404
2019-09-04,12:59:50.100499,256,atuona,200
2019-09-04,12:59:50.219473,257,atuona,200
2019-09-04,12:59:50.331705,258,ilulissat,200
2019-09-04,12:59:50.565734,259,mataura,200
2019-09-04,12:59:50.675172,260,ribeira grande,200
2019-09-04,12:59:50.806056,261,tarakan,200
2019-09-04,12:59:50.931390,262,kamenka,200
2019-09-04,12:59:51.149775,263,cumanayagua,200
2019-09-04,12:59:51.377983,264,port elizabeth,200
2019-09-04,12:59:51.515205,265,negombo,200
2019-09-04,12:59:51.762909,266,hihifo,404
2019-09-04,12:59:51.887855,267,neuquen,200
2019-09-04,12:59:52.145788,268,saleaula,404
2019-09-04,12:59:52.270753,269,illoqqortoormiut,404
2019-09-04,12:59:52.395889,270,cherskiy,200
2019-09-04,12:59:52.513166,271,richards bay,200
2019-09-04,12:59:52.733279,272,barrow,200
2019-09-04,12:59:52.858415,273,khomeynishahr,404
2019-09-04,12:59:52.985305,274,lingao,200
2019-09-04,12:59:53.219891,275,chuy,200
2019-09-04,12:59:53.330214,276,punta arenas,200
2019-09-04,12:59:53.461333,277,cherrapunji,200
2019-09-04,12:59:53.677640,278,hihifo,404
2019-09-04,12:59:53.798274,279,kaitangata,200
2019-09-04,12:59:53.934460,280,isangel,200
2019-09-04,12:59:54.194851,281,san patricio,200
2019-09-04,12:59:54.413400,282,cape town,200
2019-09-04,12:59:54.530055,283,mys shmidta,404
2019-09-04,12:59:54.667824,284,georgetown,200
2019-09-04,12:59:54.777613,285,gloucester,200
2019-09-04,12:59:55.090814,286,cape town,200
2019-09-04,12:59:55.200555,287,soyo,200
2019-09-04,12:59:55.459031,288,arraial do cabo,200
2019-09-04,12:59:55.568738,289,ushuaia,200
2019-09-04,12:59:55.697318,290,pisco,200
2019-09-04,12:59:55.914541,291,mataura,200
2019-09-04,12:59:56.028639,292,ewo,200
2019-09-04,12:59:56.259362,293,albany,200
2019-09-04,12:59:56.369055,294,kapaa,200
2019-09-04,12:59:56.498844,295,porto de moz,200
2019-09-04,12:59:56.727947,296,belushya guba,404
2019-09-04,12:59:56.842822,297,mataura,200
2019-09-04,12:59:56.961170,298,lavrentiya,200
2019-09-04,12:59:57.077784,299,mar del plata,200
2019-09-04,12:59:57.198479,300,ushuaia,200
2019-09-04,12:59:57.323849,301,torbay,200
2019-09-04,12:59:57.443826,302,nikolskoye,200
2019-09-04,12:59:57.558755,303,mar del plata,200
2019-09-04,12:59:57.888792,304,vila velha,200
2019-09-04,12:59:58.164060,305,taolanaro,404
2019-09-04,12:59:58.289345,306,salym,200
2019-09-04,12:59:58.694127,307,llandrindod wells,200
2019-09-04,12:59:58.928032,308,barrow,200
2019-09-04,12:59:59.040613,309,chuy,200
2019-09-04,12:59:59.170869,310,nome,200
2019-09-04,12:59:59.395473,311,serzhen-yurt,200
2019-09-04,12:59:59.680327,312,areka,200
2019-09-04,12:59:59.962448,313,ushuaia,200
2019-09-04,13:00:00.087471,314,puerto ayora,200
2019-09-04,13:00:00.206440,315,maniitsoq,200
2019-09-04,13:00:00.323446,316,ouadda,200
2019-09-04,13:00:00.651104,317,ambon,200
2019-09-04,13:00:00.881989,318,bhinmal,200
2019-09-04,13:00:01.271795,319,mataura,200
2019-09-04,13:00:01.396817,320,lorengau,200
2019-09-04,13:00:01.574900,321,vila franca do campo,200
2019-09-04,13:00:01.860987,322,tiznit,200
2019-09-04,13:00:02.205779,323,mataura,200
2019-09-04,13:00:02.330731,324,torbay,200
2019-09-04,13:00:02.460455,325,mataura,200
2019-09-04,13:00:02.585764,326,chenzhou,200
2019-09-04,13:00:02.805085,327,rikitea,200
2019-09-04,13:00:02.930055,328,mataura,200
2019-09-04,13:00:03.048913,329,attawapiskat,404
2019-09-04,13:00:03.216239,330,bluff,200
2019-09-04,13:00:03.326195,331,lahij,200
2019-09-04,13:00:03.552987,332,tamworth,200
2019-09-04,13:00:03.808356,333,ponta delgada,200
2019-09-04,13:00:03.936719,334,ushuaia,200
2019-09-04,13:00:04.167837,335,tygda,200
2019-09-04,13:00:04.399685,336,winona,200
2019-09-04,13:00:08.814280,337,sentyabrskiy,404
2019-09-04,13:00:08.954643,338,kapaa,200
2019-09-04,13:00:09.084844,339,chiali,404
2019-09-04,13:00:09.213964,340,barrow,200
2019-09-04,13:00:09.331727,341,salinas,200
2019-09-04,13:00:13.762386,342,punta arenas,200
2019-09-04,13:00:13.887368,343,pangnirtung,200
2019-09-04,13:00:14.111805,344,rikitea,200
2019-09-04,13:00:14.236798,345,fortuna,200
2019-09-04,13:00:14.444260,346,nanortalik,200
2019-09-04,13:00:14.569154,347,rikitea,200
2019-09-04,13:00:14.763651,348,illoqqortoormiut,404
2019-09-04,13:00:14.888630,349,nishihara,200
2019-09-04,13:00:17.880969,350,kahului,200
2019-09-04,13:00:18.129895,351,rio grande,200
2019-09-04,13:00:20.043781,352,rio grande,200
2019-09-04,13:00:20.163005,353,bluff,200
2019-09-04,13:00:20.287202,354,qaanaaq,200
2019-09-04,13:00:20.404075,355,kirkuk,200
2019-09-04,13:00:20.623290,356,atuona,200
2019-09-04,13:00:20.748323,357,stykkisholmur,200
2019-09-04,13:00:20.956164,358,cidreira,200
2019-09-04,13:00:21.258269,359,haicheng,200
2019-09-04,13:00:21.505208,360,abaza,200
2019-09-04,13:00:21.760716,361,mezen,200
2019-09-04,13:00:21.981028,362,vaini,200
2019-09-04,13:00:22.089460,363,jomalig,404
2019-09-04,13:00:22.220852,364,vaini,200
2019-09-04,13:00:22.336937,365,blagodatnoye,200
2019-09-04,13:00:22.554542,366,husavik,200
2019-09-04,13:00:22.825245,367,garowe,200
2019-09-04,13:00:23.107167,368,butaritari,200
2019-09-04,13:00:23.216520,369,isla mujeres,200
2019-09-04,13:00:23.438310,370,belushya guba,404
2019-09-04,13:00:23.683226,371,touros,200
2019-09-04,13:00:23.904393,372,sola,200
2019-09-04,13:00:24.286600,373,pisco,200
2019-09-04,13:00:24.411632,374,castro,200
2019-09-04,13:00:24.542235,375,buenos aires,200
2019-09-04,13:00:24.682837,376,ushuaia,200
2019-09-04,13:00:24.807477,377,rikitea,200
2019-09-04,13:00:24.932827,378,punta arenas,200
2019-09-04,13:00:25.053151,379,vila franca do campo,200
2019-09-04,13:00:25.168894,380,taolanaro,404
2019-09-04,13:00:25.294413,381,hilo,200
2019-09-04,13:00:25.401249,382,port elizabeth,200
2019-09-04,13:00:25.520990,383,sentyabrskiy,404
2019-09-04,13:00:25.635573,384,hay river,200
2019-09-04,13:00:25.758803,385,yerbogachen,200
2019-09-04,13:00:25.967913,386,attawapiskat,404
2019-09-04,13:00:26.102971,387,taolanaro,404
2019-09-04,13:00:26.220937,388,bengkulu,404
2019-09-04,13:00:26.568672,389,prince rupert,200
2019-09-04,13:00:26.781307,390,hobart,200
2019-09-04,13:00:26.901212,391,champerico,200
2019-09-04,13:00:27.133010,392,rikitea,200
2019-09-04,13:00:27.257685,393,xining,200
2019-09-04,13:00:27.530189,394,new norfolk,200
2019-09-04,13:00:27.639867,395,ushuaia,200
2019-09-04,13:00:27.772592,396,nanortalik,200
2019-09-04,13:00:27.897901,397,butaritari,200
2019-09-04,13:00:28.022237,398,rikitea,200
2019-09-04,13:00:28.131966,399,kapaa,200
2019-09-04,13:00:28.270423,400,luderitz,200
2019-09-04,13:00:28.704095,401,sarh,200
2019-09-04,13:00:28.845069,402,punta arenas,200
2019-09-04,13:00:28.971511,403,tenkodogo,200
2019-09-04,13:00:29.440940,404,zaria,200
2019-09-04,13:00:29.733778,405,nguru,200
2019-09-04,13:00:29.962209,406,altay,200
2019-09-04,13:00:30.235100,407,east london,200
2019-09-04,13:00:30.361459,408,dire,200
2019-09-04,13:00:30.984485,409,cape town,200
2019-09-04,13:00:31.109711,410,mandalgovi,200
2019-09-04,13:00:31.329251,411,kahului,200
2019-09-04,13:00:31.454346,412,coos bay,200
2019-09-04,13:00:31.681205,413,kapaa,200
2019-09-04,13:00:31.806181,414,lata,200
2019-09-04,13:00:32.049476,415,hermanus,200
2019-09-04,13:00:32.182315,416,avarua,200
2019-09-04,13:00:32.306954,417,san cristobal,200
2019-09-04,13:00:32.505486,418,daru,200
2019-09-04,13:00:32.835356,419,nuuk,200
2019-09-04,13:00:33.022791,420,punta arenas,200
2019-09-04,13:00:33.147358,421,scarborough,200
2019-09-04,13:00:33.298850,422,ushuaia,200
2019-09-04,13:00:33.423672,423,jalu,200
2019-09-04,13:00:33.660480,424,taolanaro,404
2019-09-04,13:00:33.785581,425,khonuu,404
2019-09-04,13:00:33.917015,426,de aar,200
2019-09-04,13:00:34.215178,427,margate,200
2019-09-04,13:00:34.465716,428,hilo,200
2019-09-04,13:00:34.575407,429,mago,200
2019-09-04,13:00:34.934565,430,cape town,200
2019-09-04,13:00:35.075208,431,gamba,200
2019-09-04,13:00:35.292438,432,sentyabrskiy,404
2019-09-04,13:00:35.479553,433,wawa,200
2019-09-04,13:00:35.688037,434,bar harbor,200
2019-09-04,13:00:35.920464,435,provideniya,200
2019-09-04,13:00:36.168001,436,blagoveshchensk,200
2019-09-04,13:00:36.382525,437,petropavlovsk-kamchatskiy,200
2019-09-04,13:00:36.494259,438,mataura,200
2019-09-04,13:00:36.630589,439,acari,200
2019-09-04,13:00:36.852432,440,georgetown,200
2019-09-04,13:00:36.971746,441,road town,200
2019-09-04,13:00:37.243103,442,khatanga,200
2019-09-04,13:00:37.367996,443,busselton,200
2019-09-04,13:00:37.495411,444,poum,200
2019-09-04,13:00:37.711352,445,kapaa,200
2019-09-04,13:00:37.826582,446,tuktoyaktuk,200
2019-09-04,13:00:37.951302,447,taolanaro,404
2019-09-04,13:00:38.104689,448,bredasdorp,200
2019-09-04,13:00:38.214510,449,bluff,200
2019-09-04,13:00:38.339871,450,ushuaia,200
2019-09-04,13:00:38.463889,451,hamilton,200
2019-09-04,13:00:38.634998,452,saint-philippe,200
2019-09-04,13:00:38.745476,453,dikson,200
2019-09-04,13:00:38.870767,454,nikolskoye,200
2019-09-04,13:00:38.994971,455,halalo,404
2019-09-04,13:00:39.121112,456,caucaia,200
2019-09-04,13:00:39.370239,457,tuatapere,200
2019-09-04,13:00:39.617712,458,cape town,200
2019-09-04,13:00:39.737406,459,ileza,200
2019-09-04,13:00:39.971422,460,ulladulla,200
2019-09-04,13:00:40.243992,461,verkhoturye,200
2019-09-04,13:00:40.511362,462,okhotsk,200
2019-09-04,13:00:40.738365,463,punta arenas,200
2019-09-04,13:00:40.856103,464,emmett,200
2019-09-04,13:00:41.151431,465,punta arenas,200
2019-09-04,13:00:41.276477,466,port hedland,200
2019-09-04,13:00:41.401130,467,tarakan,200
2019-09-04,13:00:41.520903,468,san juan de los morros,200
2019-09-04,13:00:41.738919,469,new norfolk,200
2019-09-04,13:00:41.863808,470,sorland,200
2019-09-04,13:00:41.992373,471,cherskiy,200
2019-09-04,13:00:42.102213,472,ushuaia,200
2019-09-04,13:00:42.232548,473,hithadhoo,200
2019-09-04,13:00:42.337133,474,saint-philippe,200
2019-09-04,13:00:42.472480,475,lagoa,200
2019-09-04,13:00:42.585756,476,mataura,200
2019-09-04,13:00:42.705256,477,honningsvag,200
2019-09-04,13:00:42.934010,478,albany,200
2019-09-04,13:00:43.054851,479,castro,200
2019-09-04,13:00:43.175167,480,campbell river,200
2019-09-04,13:00:43.402984,481,imbituba,200
2019-09-04,13:00:43.706422,482,atuona,200
2019-09-04,13:00:43.816159,483,galiwinku,404
2019-09-04,13:00:43.956903,484,albany,200
2019-09-04,13:00:44.082952,485,angoche,200
2019-09-04,13:00:44.287604,486,mar del plata,200
2019-09-04,13:00:44.412538,487,busselton,200
2019-09-04,13:00:44.534069,488,severo-kurilsk,200
2019-09-04,13:00:44.651369,489,bengkulu,404
2019-09-04,13:00:44.767200,490,alta floresta,200
2019-09-04,13:00:44.984235,491,lara,200
2019-09-04,13:00:45.413344,492,salalah,200
2019-09-04,13:00:45.640875,493,hermanus,200
2019-09-04,13:00:45.751999,494,barrow,200
2019-09-04,13:00:45.880528,495,hermanus,200
2019-09-04,13:00:45.985233,496,mataura,200
2019-09-04,13:00:46.114636,497,puerto ayora,200
2019-09-04,13:00:46.218481,498,avarua,200
2019-09-04,13:00:46.348880,499,butterworth,200
2019-09-04,13:00:46.571666,500,rikitea,200
2019-09-04,13:00:46.685150,501,breves,200
2019-09-04,13:00:46.932427,502,tignere,200
2019-09-04,13:00:47.165209,503,hermanus,200
2019-09-04,13:00:47.282616,504,abha,200
2019-09-04,13:00:47.499725,505,linxia,200
2019-09-04,13:00:47.728410,506,puerto ayora,200
2019-09-04,13:00:47.848300,507,busselton,200
2019-09-04,13:00:47.970411,508,vardo,200
2019-09-04,13:00:48.083266,509,bolungarvik,404
2019-09-04,13:00:48.211925,510,rikitea,200
2019-09-04,13:00:48.330306,511,nesna,200
2019-09-04,13:00:48.563685,512,chuy,200
2019-09-04,13:00:48.689014,513,rikitea,200
2019-09-04,13:00:48.804339,514,barawe,404
2019-09-04,13:00:48.976503,515,hermanus,200
2019-09-04,13:00:49.102743,516,puerto ayora,200
2019-09-04,13:00:49.227632,517,busselton,200
2019-09-04,13:00:49.345792,518,padang,200
2019-09-04,13:00:49.447928,519,tual,200
2019-09-04,13:00:49.682841,520,glens falls,200
2019-09-04,13:00:49.839103,521,ushuaia,200
2019-09-04,13:00:49.969188,522,samusu,404
2019-09-04,13:00:50.094600,523,saint-philippe,200
2019-09-04,13:00:50.221902,524,saint-philippe,200
2019-09-04,13:00:50.329459,525,oiba,200
2019-09-04,13:00:50.549065,526,nalut,200
2019-09-04,13:00:50.674019,527,thompson,200
2019-09-04,13:00:50.801759,528,tonekabon,200
2019-09-04,13:00:51.011678,529,pag,200
2019-09-04,13:00:51.238353,530,jamestown,200
2019-09-04,13:00:51.392584,531,ushuaia,200
2019-09-04,13:00:51.501951,532,mehamn,200
2019-09-04,13:00:51.732509,533,colomiers,200
2019-09-04,13:00:51.964292,534,faanui,200
2019-09-04,13:00:52.110020,535,taolanaro,404
2019-09-04,13:00:52.233901,536,longyearbyen,200
2019-09-04,13:00:52.359254,537,hobart,200
2019-09-04,13:00:52.483360,538,hasaki,200
2019-09-04,13:00:52.726016,539,torbay,200
2019-09-04,13:00:52.843810,540,albany,200
2019-09-04,13:00:52.960591,541,muret,200
2019-09-04,13:00:53.181425,542,port lincoln,200
2019-09-04,13:00:53.414899,543,tuktoyaktuk,200
2019-09-04,13:00:53.536866,544,mao,200
2019-09-04,13:00:53.833843,545,belushya guba,404
2019-09-04,13:00:53.965365,546,hobart,200
2019-09-04,13:00:54.085362,547,butaritari,200
2019-09-04,13:00:54.234617,548,baruun-urt,200
2019-09-04,13:00:54.462419,549,ponta do sol,200
2019-09-04,13:00:54.581488,550,victoria,200
2019-09-04,13:00:54.711519,551,linares,200
2019-09-04,13:00:54.935574,552,mataura,200
2019-09-04,13:00:55.048512,553,harper,200
2019-09-04,13:00:55.177362,554,saskylakh,200
2019-09-04,13:00:55.291873,555,karpogory,200
2019-09-04,13:00:55.512815,556,dikson,200
2019-09-04,13:00:55.628669,557,kapaa,200
2019-09-04,13:00:55.747282,558,tura,200
2019-09-04,13:00:55.965981,559,ostrovnoy,200
2019-09-04,13:00:56.183496,560,barentsburg,404
2019-09-04,13:00:56.319304,561,mataura,200
2019-09-04,13:00:56.433230,562,attawapiskat,404
2019-09-04,13:00:56.558839,563,uwayl,404
2019-09-04,13:00:56.718594,564,marcona,404
2019-09-04,13:00:56.856411,565,lorengau,200
2019-09-04,13:00:56.971144,566,fortuna,200
2019-09-04,13:00:57.089990,567,katsuura,200
2019-09-04,13:00:57.312739,568,constitucion,200
2019-09-04,13:00:57.453073,569,puerto ayora,200
2019-09-04,13:00:57.568184,570,ponta do sol,200
2019-09-04,13:00:57.689460,571,georgetown,200
2019-09-04,13:00:57.818133,572,saskylakh,200
2019-09-04,13:00:57.940135,573,hermanus,200
2019-09-04,13:00:58.078478,574,xuanzhou,200
2019-09-04,13:00:58.311744,575,hermanus,200
2019-09-04,13:00:58.437039,576,ucluelet,200
2019-09-04,13:00:58.553131,577,rikitea,200
2019-09-04,13:00:58.671204,578,cape town,200
2019-09-04,13:00:58.795221,579,cape town,200
2019-09-04,13:00:58.905944,580,kapaa,200
2019-09-04,13:00:59.039596,581,hermanus,200
2019-09-04,13:00:59.151042,582,khatanga,200
2019-09-04,13:00:59.280029,583,barentsburg,404
2019-09-04,13:00:59.388253,584,tasiilaq,200
2019-09-04,13:00:59.514343,585,kahului,200
2019-09-04,13:00:59.623629,586,illoqqortoormiut,404
2019-09-04,13:00:59.760216,587,rikitea,200
2019-09-04,13:00:59.872876,588,jamestown,200
2019-09-04,13:01:00.001046,589,busselton,200
2019-09-04,13:01:00.121117,590,bluff,200
2019-09-04,13:01:00.248674,591,tiksi,200
2019-09-04,13:01:00.356933,592,cabo san lucas,200
2019-09-04,13:01:00.527220,593,oxelosund,200
2019-09-04,13:01:00.807495,594,lapus,200
2019-09-04,13:01:01.040134,595,bilibino,200
2019-09-04,13:01:01.260055,596,albany,200
2019-09-04,13:01:01.387487,597,olafsvik,404
2019-09-04,13:01:01.523843,598,yuzhno-yeniseyskiy,404
2019-09-04,13:01:01.652141,599,rikitea,200
2019-09-04,13:01:01.791393,600,san javier,200
2019-09-04,13:01:02.016056,601,ushuaia,200
2019-09-04,13:01:02.150856,602,kimbe,200
2019-09-04,13:01:02.417930,603,north bend,200
2019-09-04,13:01:02.658362,604,grand gaube,200
2019-09-04,13:01:02.898436,605,ahipara,200
2019-09-04,13:01:03.409070,606,yellowknife,200
2019-09-04,13:01:03.534027,607,barrow,200
2019-09-04,13:01:03.661382,608,kodiak,200
2019-09-04,13:01:03.876549,609,constitucion,200
2019-09-04,13:01:03.987882,610,butaritari,200
2019-09-04,13:01:04.120886,611,nelson bay,200
2019-09-04,13:01:04.296309,612,rikitea,200
2019-09-04,13:01:04.420178,613,albany,200
2019-09-04,13:01:04.541282,614,mataura,200
2019-09-04,13:01:04.651816,615,tres passos,200
2019-09-04,13:01:04.887790,616,taolanaro,404
2019-09-04,13:01:05.013190,617,puerto ayora,200
2019-09-04,13:01:05.139698,618,kieta,200
2019-09-04,13:01:05.374268,619,tuktoyaktuk,200
2019-09-04,13:01:05.484947,620,jamestown,200
2019-09-04,13:01:05.607136,621,hobart,200
2019-09-04,13:01:05.717616,622,cardonal,200
2019-09-04,13:01:05.966384,623,chuy,200
2019-09-04,13:01:06.091352,624,hilo,200
2019-09-04,13:01:06.219155,625,beloha,200
2019-09-04,13:01:06.447358,626,punta arenas,200
2019-09-04,13:01:06.550792,627,esna,200
2019-09-04,13:01:06.774452,628,tuktoyaktuk,200
2019-09-04,13:01:06.899445,629,temnikov,200
2019-09-04,13:01:07.178928,630,varkaus,200
2019-09-04,13:01:07.414118,631,tsumeb,200
2019-09-04,13:01:07.640348,632,bababe,404
2019-09-04,13:01:07.749712,633,mataura,200
2019-09-04,13:01:07.879901,634,rikitea,200
2019-09-04,13:01:07.999899,635,nanortalik,200
2019-09-04,13:01:08.128973,636,severo-kurilsk,200
2019-09-04,13:01:08.246012,637,cape town,200
2019-09-04,13:01:08.365970,638,vardo,200
2019-09-04,13:01:08.481548,639,yellowknife,200
2019-09-04,13:01:08.611070,640,belushya guba,404
2019-09-04,13:01:08.715961,641,port hardy,200
2019-09-04,13:01:08.978772,642,turmalina,200
2019-09-04,13:01:09.211908,643,mar del plata,200
2019-09-04,13:01:09.329782,644,port alfred,200
2019-09-04,13:01:09.460251,645,mys shmidta,404
2019-09-04,13:01:09.594819,646,nanortalik,200
2019-09-04,13:01:09.719438,647,busselton,200
2019-09-04,13:01:09.844748,648,tuy hoa,200
2019-09-04,13:01:10.001108,649,bambous virieux,200
2019-09-04,13:01:10.141727,650,usinsk,200
2019-09-04,13:01:10.360995,651,ondorhaan,404
2019-09-04,13:01:10.482864,652,ribeira grande,200
2019-09-04,13:01:10.613827,653,taolanaro,404
2019-09-04,13:01:10.716596,654,dikson,200
2019-09-04,13:01:10.851976,655,honningsvag,200
2019-09-04,13:01:10.963042,656,punta arenas,200
2019-09-04,13:01:11.096848,657,provideniya,200
2019-09-04,13:01:11.212303,658,myitkyina,200
2019-09-04,13:01:11.556058,659,mataura,200
2019-09-04,13:01:11.680649,660,tuktoyaktuk,200
2019-09-04,13:01:11.800958,661,geraldton,200
2019-09-04,13:01:12.022856,662,angicos,200
2019-09-04,13:01:12.161824,663,belushya guba,404
2019-09-04,13:01:12.299561,664,aklavik,200
2019-09-04,13:01:12.540047,665,lebu,200
2019-09-04,13:01:12.659301,666,rikitea,200
2019-09-04,13:01:12.776965,667,naze,200
2019-09-04,13:01:13.013637,668,faanui,200
2019-09-04,13:01:13.143396,669,cape town,200
2019-09-04,13:01:13.266133,670,isangel,200
2019-09-04,13:01:13.407024,671,camocim,200
2019-09-04,13:01:13.564221,672,hithadhoo,200
2019-09-04,13:01:13.683800,673,port alfred,200
2019-09-04,13:01:13.808735,674,zachagansk,404
2019-09-04,13:01:13.927464,675,arraial do cabo,200
2019-09-04,13:01:14.096216,676,jeremie,200
2019-09-04,13:01:14.365301,677,chokurdakh,200
2019-09-04,13:01:14.602024,678,saint-philippe,200
2019-09-04,13:01:14.725532,679,rikitea,200
2019-09-04,13:01:14.855038,680,manakara,200
2019-09-04,13:01:15.078842,681,rikitea,200
2019-09-04,13:01:15.192895,682,chuy,200
2019-09-04,13:01:15.324264,683,tamiahua,200
2019-09-04,13:01:15.552447,684,hami,200
2019-09-04,13:01:15.784162,685,uribia,200
2019-09-04,13:01:16.014468,686,santiago del estero,200
2019-09-04,13:01:16.254419,687,puerto ayora,200
2019-09-04,13:01:16.375002,688,galle,200
2019-09-04,13:01:16.605360,689,rikitea,200
2019-09-04,13:01:16.726755,690,kapaa,200
2019-09-04,13:01:16.989365,691,avarua,200
2019-09-04,13:01:17.114291,692,thompson,200
2019-09-04,13:01:17.229905,693,hobart,200
2019-09-04,13:01:17.339889,694,port elizabeth,200
2019-09-04,13:01:17.462364,695,talnakh,200
2019-09-04,13:01:17.677967,696,port alfred,200
2019-09-04,13:01:17.790890,697,clyde river,200
2019-09-04,13:01:18.022909,698,minab,200
2019-09-04,13:01:18.244463,699,hermanus,200
2019-09-04,13:01:18.371531,700,cape town,200
2019-09-04,13:01:18.494815,701,port-cartier,200
2019-09-04,13:01:18.722048,702,bluff,200
2019-09-04,13:01:18.838672,703,hermanus,200
2019-09-04,13:01:18.958768,704,baykit,200
2019-09-04,13:01:19.187865,705,ushuaia,200
2019-09-04,13:01:19.304748,706,rikitea,200
2019-09-04,13:01:19.453236,707,luderitz,200
2019-09-04,13:01:19.569214,708,albany,200
2019-09-04,13:01:19.683341,709,manado,200
2019-09-04,13:01:19.896419,710,tsumeb,200
2019-09-04,13:01:20.022398,711,arraial do cabo,200
2019-09-04,13:01:20.144677,712,bluff,200
2019-09-04,13:01:20.253384,713,albany,200
2019-09-04,13:01:20.390146,714,ngerengere,200
2019-09-04,13:01:20.611623,715,ushuaia,200
2019-09-04,13:01:20.723241,716,berlevag,200
2019-09-04,13:01:20.938410,717,punta arenas,200
2019-09-04,13:01:21.078662,718,sinnamary,200
2019-09-04,13:01:21.303662,719,north battleford,200
2019-09-04,13:01:21.547977,720,baghdad,200
2019-09-04,13:01:21.683453,721,mahebourg,200
2019-09-04,13:01:21.934724,722,cape town,200
2019-09-04,13:01:22.044494,723,unye,404
2019-09-04,13:01:22.174406,724,da lat,200
2019-09-04,13:01:22.457821,725,ponta do sol,200
2019-09-04,13:01:22.583177,726,bud,200
2019-09-04,13:01:22.802087,727,ushuaia,200
2019-09-04,13:01:22.927050,728,bethel,200
2019-09-04,13:01:23.072932,729,teya,200
2019-09-04,13:01:23.434953,730,albany,200
2019-09-04,13:01:23.575157,731,punta arenas,200
2019-09-04,13:01:23.696076,732,katsuura,200
2019-09-04,13:01:23.816504,733,itarema,200
2019-09-04,13:01:23.931037,734,ushuaia,200
2019-09-04,13:01:24.033505,735,sao filipe,200
2019-09-04,13:01:24.167818,736,show low,200
2019-09-04,13:01:24.516246,737,moroni,200
2019-09-04,13:01:24.764555,738,morehead,200
2019-09-04,13:01:25.022274,739,ishigaki,200
2019-09-04,13:01:25.288558,740,vao,200
2019-09-04,13:01:25.509975,741,ushuaia,200
2019-09-04,13:01:25.679092,742,sveio,200
2019-09-04,13:01:25.911983,743,faya,200
2019-09-04,13:01:26.037099,744,chokurdakh,200
2019-09-04,13:01:26.166012,745,fairbanks,200
2019-09-04,13:01:26.435800,746,buin,200
2019-09-04,13:01:26.647615,747,hobart,200
2019-09-04,13:01:26.773428,748,saint-philippe,200
2019-09-04,13:01:26.895879,749,butaritari,200
2019-09-04,13:01:26.998909,750,hobart,200
2019-09-04,13:01:27.185720,751,marcona,404
2019-09-04,13:01:27.310702,752,ancud,200
2019-09-04,13:01:27.430752,753,ponta do sol,200
2019-09-04,13:01:27.546894,754,port hardy,200
2019-09-04,13:01:27.666966,755,castro,200
2019-09-04,13:01:27.782032,756,caravelas,200
2019-09-04,13:01:27.907925,757,carnarvon,200
2019-09-04,13:01:28.014642,758,mataura,200
2019-09-04,13:01:28.156060,759,lagoa,200
2019-09-04,13:01:28.263863,760,saskylakh,200
2019-09-04,13:01:28.389908,761,carnarvon,200
2019-09-04,13:01:28.498216,762,ponta do sol,200
2019-09-04,13:01:28.631291,763,pevek,200
2019-09-04,13:01:28.851657,764,sumenep,200
2019-09-04,13:01:29.213195,765,omsukchan,200
2019-09-04,13:01:29.346318,766,albany,200
2019-09-04,13:01:29.464789,767,kamenskoye,404
2019-09-04,13:01:29.592792,768,rikitea,200
2019-09-04,13:01:29.717004,769,antofagasta,200
2019-09-04,13:01:29.843415,770,fortuna,200
2019-09-04,13:01:29.969027,771,tiarei,200
2019-09-04,13:01:30.215759,772,buin,200
2019-09-04,13:01:30.329967,773,pochutla,200
2019-09-04,13:01:30.553866,774,punta arenas,200
2019-09-04,13:01:30.668104,775,mpika,200
2019-09-04,13:01:30.800641,776,moussoro,200
2019-09-04,13:01:31.046186,777,nicoya,200
2019-09-04,13:01:31.191878,778,namibe,200
2019-09-04,13:01:31.315281,779,chokurdakh,200
2019-09-04,13:01:31.424985,780,atuona,200
2019-09-04,13:01:31.557739,781,hithadhoo,200
2019-09-04,13:01:31.676271,782,saldanha,200
2019-09-04,13:01:31.803319,783,cabo san lucas,200
2019-09-04,13:01:31.911454,784,ilulissat,200
2019-09-04,13:01:32.056197,785,huarmey,200
2019-09-04,13:01:32.271658,786,leh,200
2019-09-04,13:01:32.495916,787,avarua,200
2019-09-04,13:01:32.612074,788,taolanaro,404
2019-09-04,13:01:32.731909,789,torbay,200
2019-09-04,13:01:32.857192,790,xiangxiang,200
2019-09-04,13:01:33.091758,791,namatanai,200
2019-09-04,13:01:33.426988,792,kapaa,200
2019-09-04,13:01:33.551556,793,mataura,200
2019-09-04,13:01:33.672954,794,rikitea,200
2019-09-04,13:01:33.790188,795,castro,200
2019-09-04,13:01:33.922967,796,ushuaia,200
2019-09-04,13:01:34.025758,797,busselton,200
2019-09-04,13:01:34.158605,798,komsomolskiy,200
2019-09-04,13:01:34.378018,799,abonnema,200
2019-09-04,13:01:34.599352,800,ordubad,200
2019-09-04,13:01:34.826333,801,rio gallegos,200
2019-09-04,13:01:35.049910,802,rikitea,200
2019-09-04,13:01:35.159936,803,yanam,200
2019-09-04,13:01:35.422440,804,srivardhan,200
2019-09-04,13:01:35.711007,805,tuktoyaktuk,200
2019-09-04,13:01:35.820755,806,arraial do cabo,200
2019-09-04,13:01:35.955068,807,tsihombe,404
2019-09-04,13:01:36.191955,808,grand river south east,404
2019-09-04,13:01:36.308144,809,saleaula,404
2019-09-04,13:01:36.461735,810,daru,200
2019-09-04,13:01:36.586826,811,mahebourg,200
2019-09-04,13:01:36.709822,812,ushuaia,200
2019-09-04,13:01:36.820208,813,taltal,200
2019-09-04,13:01:37.055938,814,jamestown,200
2019-09-04,13:01:37.180974,815,pitkyaranta,200
2019-09-04,13:01:37.390316,816,flinders,200
2019-09-04,13:01:37.660008,817,port elizabeth,200
2019-09-04,13:01:37.785111,818,punta arenas,200
2019-09-04,13:01:37.908749,819,mataura,200
2019-09-04,13:01:38.021763,820,yellowknife,200
2019-09-04,13:01:38.152124,821,cape town,200
2019-09-04,13:01:38.269799,822,lebu,200
2019-09-04,13:01:38.393474,823,busselton,200
2019-09-04,13:01:38.503286,824,ushuaia,200
2019-09-04,13:01:38.628768,825,arraial do cabo,200
2019-09-04,13:01:38.738234,826,pinawa,200
2019-09-04,13:01:39.141984,827,butaritari,200
2019-09-04,13:01:39.251653,828,jamestown,200
2019-09-04,13:01:39.388340,829,beringovskiy,200
2019-09-04,13:01:39.597051,830,taolanaro,404
2019-09-04,13:01:39.707635,831,hilo,200
2019-09-04,13:01:39.838159,832,taolanaro,404
2019-09-04,13:01:39.952875,833,vila velha,200
2019-09-04,13:01:40.074473,834,atuona,200
2019-09-04,13:01:40.185231,835,kotelnich,200
2019-09-04,13:01:40.419867,836,harper,200
2019-09-04,13:01:40.544827,837,bathsheba,200
2019-09-04,13:01:40.785116,838,bluff,200
2019-09-04,13:01:41.014341,839,avera,200
2019-09-04,13:01:41.256780,840,tuktoyaktuk,200
2019-09-04,13:01:41.384937,841,tura,200
2019-09-04,13:01:41.508354,842,ushuaia,200
2019-09-04,13:01:41.633675,843,guerrero negro,200
2019-09-04,13:01:41.931544,844,rikitea,200
2019-09-04,13:01:42.056511,845,bredasdorp,200
2019-09-04,13:01:42.184460,846,vaini,200
2019-09-04,13:01:42.290569,847,syracuse,200
2019-09-04,13:01:42.417505,848,mys shmidta,404
2019-09-04,13:01:42.534067,849,uspenka,200
2019-09-04,13:01:42.814130,850,maceio,200
2019-09-04,13:01:42.939158,851,bluff,200
2019-09-04,13:01:43.064205,852,punta arenas,200
2019-09-04,13:01:43.183300,853,cape town,200
2019-09-04,13:01:43.310740,854,ushuaia,200
2019-09-04,13:01:43.417503,855,rikitea,200
2019-09-04,13:01:43.552391,856,ushuaia,200
2019-09-04,13:01:43.665941,857,hermanus,200
2019-09-04,13:01:43.793126,858,busselton,200
2019-09-04,13:01:43.900064,859,te anau,200
2019-09-04,13:01:44.133770,860,qaanaaq,200
2019-09-04,13:01:44.243250,861,bredasdorp,200
2019-09-04,13:01:44.372352,862,dikson,200
2019-09-04,13:01:44.483965,863,sorkjosen,404
2019-09-04,13:01:44.621250,864,bluff,200
2019-09-04,13:01:44.746471,865,yellowknife,200
2019-09-04,13:01:44.877322,866,albany,200
2019-09-04,13:01:44.982072,867,punta arenas,200
2019-09-04,13:01:45.111015,868,rikitea,200
2019-09-04,13:01:45.218176,869,souillac,200
2019-09-04,13:01:45.481462,870,road town,200
2019-09-04,13:01:45.606553,871,broken hill,200
2019-09-04,13:01:45.729365,872,tuatapere,200
2019-09-04,13:01:45.848404,873,busselton,200
2019-09-04,13:01:45.971094,874,cabo san lucas,200
2019-09-04,13:01:46.080877,875,carutapera,200
2019-09-04,13:01:46.299290,876,nieuw amsterdam,200
2019-09-04,13:01:46.524206,877,rikitea,200
2019-09-04,13:01:46.631511,878,kloulklubed,200
2019-09-04,13:01:46.769457,879,jamestown,200
2019-09-04,13:01:46.894431,880,salamiyah,200
2019-09-04,13:01:47.128968,881,grindavik,200
2019-09-04,13:01:47.253969,882,hermanus,200
2019-09-04,13:01:47.384310,883,ushuaia,200
2019-09-04,13:01:47.510666,884,busselton,200
2019-09-04,13:01:47.636781,885,hofn,200
2019-09-04,13:01:47.762085,886,cherskiy,200
2019-09-04,13:01:47.885776,887,busselton,200
2019-09-04,13:01:48.011022,888,bluff,200
2019-09-04,13:01:48.134981,889,albany,200
2019-09-04,13:01:48.244729,890,qui nhon,404
2019-09-04,13:01:48.434197,891,rikitea,200
2019-09-04,13:01:48.559275,892,ngukurr,404
2019-09-04,13:01:48.716687,893,ushuaia,200
2019-09-04,13:01:48.827411,894,kismayo,404
2019-09-04,13:01:48.951962,895,alotau,404
2019-09-04,13:01:49.108178,896,namatanai,200
2019-09-04,13:01:49.217563,897,san cristobal,200
2019-09-04,13:01:49.326913,898,santa marinella,200
2019-09-04,13:01:49.565484,899,avarua,200
2019-09-04,13:01:49.696416,900,luanda,200
2019-09-04,13:01:49.823880,901,rikitea,200
2019-09-04,13:01:49.944364,902,mar del plata,200
2019-09-04,13:01:50.115524,903,vestmannaeyjar,200
2019-09-04,13:01:50.338594,904,rikitea,200
2019-09-04,13:01:50.445680,905,kodiak,200
2019-09-04,13:01:50.570829,906,rabo de peixe,200
2019-09-04,13:01:50.794657,907,belushya guba,404
2019-09-04,13:01:50.912327,908,busselton,200
2019-09-04,13:01:51.048520,909,new norfolk,200
2019-09-04,13:01:51.161239,910,new norfolk,200
2019-09-04,13:01:51.313093,911,jamestown,200
2019-09-04,13:01:51.426002,912,mataura,200
2019-09-04,13:01:51.546963,913,busselton,200
2019-09-04,13:01:51.660522,914,kingaroy,200
2019-09-04,13:01:51.862182,915,port elizabeth,200
2019-09-04,13:01:51.987240,916,ruidoso,200
2019-09-04,13:01:52.209807,917,upernavik,200
2019-09-04,13:01:52.350489,918,rikitea,200
2019-09-04,13:01:52.469239,919,voh,200
2019-09-04,13:01:52.678281,920,kahului,200
2019-09-04,13:01:52.794510,921,yellowknife,200
2019-09-04,13:01:52.917711,922,vaini,200
2019-09-04,13:01:53.043524,923,bergen,200
2019-09-04,13:01:53.259670,924,hermanus,200
2019-09-04,13:01:53.369147,925,puerto ayora,200
2019-09-04,13:01:53.493081,926,bredasdorp,200
2019-09-04,13:01:53.607794,927,kohila,200
2019-09-04,13:01:53.826894,928,poum,200
2019-09-04,13:01:53.951906,929,upernavik,200
2019-09-04,13:01:54.081171,930,zhigansk,200
2019-09-04,13:01:54.323172,931,tasiilaq,200
2019-09-04,13:01:54.441154,932,makakilo city,200
2019-09-04,13:01:54.720437,933,karakendzha,404
2019-09-04,13:01:54.845742,934,waddan,200
2019-09-04,13:01:55.073132,935,igarka,200
2019-09-04,13:01:55.297052,936,kuminskiy,200
2019-09-04,13:01:55.519818,937,esperance,200
2019-09-04,13:01:55.719454,938,zhigansk,200
2019-09-04,13:01:55.842074,939,marcona,404
2019-09-04,13:01:55.967056,940,richards bay,200
2019-09-04,13:01:56.090186,941,waipawa,200
2019-09-04,13:01:56.298933,942,chokurdakh,200
2019-09-04,13:01:56.424859,943,kapaa,200
2019-09-04,13:01:56.544606,944,soke,200
2019-09-04,13:01:56.767734,945,paradwip,404
2019-09-04,13:01:56.983407,946,port alfred,200
2019-09-04,13:01:57.091355,947,ushuaia,200
2019-09-04,13:01:57.212477,948,puerto ayora,200
2019-09-04,13:01:57.323690,949,ushuaia,200
2019-09-04,13:01:57.449217,950,honningsvag,200
2019-09-04,13:01:57.572569,951,mana,200
2019-09-04,13:01:57.788275,952,babanusah,404
2019-09-04,13:01:57.928854,953,nome,200
2019-09-04,13:01:58.043838,954,kapaa,200
2019-09-04,13:01:58.160276,955,rikitea,200
2019-09-04,13:01:58.286562,956,hasaki,200
2019-09-04,13:01:58.408662,957,ushuaia,200
2019-09-04,13:01:58.525462,958,hobart,200
2019-09-04,13:01:58.637203,959,bredasdorp,200
2019-09-04,13:01:58.761928,960,punta arenas,200
2019-09-04,13:01:58.932191,961,ushuaia,200
2019-09-04,13:01:59.041523,962,vao,200
2019-09-04,13:01:59.166483,963,necochea,200
2019-09-04,13:01:59.386801,964,broken hill,200
2019-09-04,13:01:59.527383,965,amapa,200
2019-09-04,13:01:59.753580,966,hermanus,200
2019-09-04,13:01:59.878562,967,ushuaia,200
2019-09-04,13:02:00.004371,968,bluff,200
2019-09-04,13:02:00.118236,969,tiksi,200
2019-09-04,13:02:00.248549,970,barrow,200
2019-09-04,13:02:00.369175,971,sheltozero,200
2019-09-04,13:02:00.616785,972,auki,200
2019-09-04,13:02:00.749867,973,puerto ayora,200
2019-09-04,13:02:00.874861,974,tiksi,200
2019-09-04,13:02:00.984543,975,yar-sale,200
2019-09-04,13:02:01.234866,976,albany,200
2019-09-04,13:02:01.445129,977,mahebourg,200
2019-09-04,13:02:01.592482,978,illoqqortoormiut,404
2019-09-04,13:02:01.722499,979,hanzhong,200
2019-09-04,13:02:01.973036,980,alofi,200
2019-09-04,13:02:02.129640,981,avarua,200
2019-09-04,13:02:02.255954,982,dubti,200
2019-09-04,13:02:02.537113,983,new norfolk,200
2019-09-04,13:02:02.652126,984,yellowknife,200
2019-09-04,13:02:02.772993,985,albany,200
2019-09-04,13:02:02.882701,986,nikolskoye,200
2019-09-04,13:02:03.015879,987,vydrino,200
2019-09-04,13:02:03.304973,988,ushuaia,200
2019-09-04,13:02:03.445529,989,belushya guba,404
2019-09-04,13:02:03.650221,990,westport,200
2019-09-04,13:02:03.905391,991,hammerfest,200
2019-09-04,13:02:04.153106,992,port hardy,200
2019-09-04,13:02:04.266907,993,kirsanov,200
2019-09-04,13:02:04.560671,994,tiksi,200
2019-09-04,13:02:04.685684,995,salas,200
2019-09-04,13:02:04.947552,996,norman wells,200
2019-09-04,13:02:05.193646,997,luis correia,200
2019-09-04,13:02:05.421415,998,hithadhoo,200
2019-09-04,13:02:05.547981,999,bredasdorp,200
2019-09-04,13:02:05.671058,1000,miracema do tocantins,200
2019-09-04,13:02:05.937203,1001,carnarvon,200
2019-09-04,13:02:06.062186,1002,rikitea,200
2019-09-04,13:02:06.185671,1003,zhigansk,200
2019-09-04,13:02:06.310967,1004,ponta do sol,200
2019-09-04,13:02:06.435736,1005,yellowknife,200
2019-09-04,13:02:06.551735,1006,taolanaro,404
2019-09-04,13:02:06.670734,1007,tura,200
2019-09-04,13:02:06.789890,1008,sobolevo,200
2019-09-04,13:02:07.013981,1009,georgetown,200
2019-09-04,13:02:07.139117,1010,upernavik,200
2019-09-04,13:02:07.261607,1011,busselton,200
2019-09-04,13:02:07.379610,1012,ponta do sol,200
2019-09-04,13:02:07.498997,1013,dikson,200
2019-09-04,13:02:07.597634,1014,kloulklubed,200
2019-09-04,13:02:07.723448,1015,albany,200
2019-09-04,13:02:07.844959,1016,gold coast,200
2019-09-04,13:02:07.966397,1017,ushuaia,200
2019-09-04,13:02:08.094425,1018,roma,200
2019-09-04,13:02:08.263807,1019,guerrero negro,200
2019-09-04,13:02:08.373156,1020,cabo san lucas,200
2019-09-04,13:02:08.502295,1021,rikitea,200
2019-09-04,13:02:08.627909,1022,amapa,200
2019-09-04,13:02:08.748733,1023,altamont,200
2019-09-04,13:02:08.983346,1024,hermanus,200
2019-09-04,13:02:09.095286,1025,kilindoni,200
2019-09-04,13:02:09.374313,1026,saldanha,200
2019-09-04,13:02:09.499199,1027,saint george,200
2019-09-04,13:02:09.629530,1028,port elizabeth,200
2019-09-04,13:02:09.742392,1029,ormara,200
2019-09-04,13:02:09.976761,1030,rocky mountain house,200
2019-09-04,13:02:10.225439,1031,fredericton,200
2019-09-04,13:02:10.448084,1032,samusu,404
2019-09-04,13:02:10.562310,1033,nanortalik,200
2019-09-04,13:02:10.715911,1034,bolungarvik,404
2019-09-04,13:02:10.856274,1035,ushuaia,200
2019-09-04,13:02:10.973376,1036,rikitea,200
2019-09-04,13:02:11.076662,1037,avarua,200
2019-09-04,13:02:11.208953,1038,elbistan,200
2019-09-04,13:02:11.421443,1039,dikson,200
2019-09-04,13:02:11.544002,1040,mackenzie,200
2019-09-04,13:02:11.823257,1041,kruisfontein,200
2019-09-04,13:02:11.948225,1042,pevek,200
2019-09-04,13:02:12.079151,1043,vila velha,200
2019-09-04,13:02:12.190930,1044,rikitea,200
2019-09-04,13:02:12.331372,1045,wanaka,200
2019-09-04,13:02:12.557592,1046,barrow,200
2019-09-04,13:02:12.759769,1047,skagastrond,404
2019-09-04,13:02:12.877186,1048,port hardy,200
2019-09-04,13:02:13.001877,1049,puerto ayora,200
2019-09-04,13:02:13.107845,1050,punta arenas,200
2019-09-04,13:02:13.245551,1051,maumere,200
2019-09-04,13:02:13.529706,1052,hambantota,200
2019-09-04,13:02:13.655103,1053,tuktoyaktuk,200
2019-09-04,13:02:13.780243,1054,taolanaro,404
2019-09-04,13:02:13.905214,1055,yellowknife,200
2019-09-04,13:02:14.029156,1056,lagoa,200
2019-09-04,13:02:14.138938,1057,thompson,200
2019-09-04,13:02:14.270844,1058,busselton,200
2019-09-04,13:02:14.390986,1059,cape town,200
2019-09-04,13:02:14.513099,1060,rikitea,200
2019-09-04,13:02:14.624762,1061,hobart,200
2019-09-04,13:02:14.792423,1062,busselton,200
2019-09-04,13:02:14.917363,1063,ineu,200
2019-09-04,13:02:15.123248,1064,airai,200
2019-09-04,13:02:15.363519,1065,punta arenas,200
2019-09-04,13:02:15.473280,1066,busselton,200
2019-09-04,13:02:15.594761,1067,rikitea,200
2019-09-04,13:02:15.706087,1068,ribeira grande,200
2019-09-04,13:02:15.842973,1069,ponta do sol,200
2019-09-04,13:02:15.956737,1070,nilanga,200
2019-09-04,13:02:16.173563,1071,new norfolk,200
2019-09-04,13:02:16.282915,1072,bredasdorp,200
2019-09-04,13:02:16.410600,1073,comodoro rivadavia,200
2019-09-04,13:02:16.521885,1074,ushuaia,200
2019-09-04,13:02:16.651239,1075,constitucion,200
2019-09-04,13:02:16.758773,1076,kodiak,200
2019-09-04,13:02:16.892293,1077,aklavik,200
2019-09-04,13:02:17.004005,1078,saint-paul,200
2019-09-04,13:02:17.237146,1079,hermanus,200
2019-09-04,13:02:17.362110,1080,rikitea,200
2019-09-04,13:02:17.488495,1081,coruripe,200
2019-09-04,13:02:17.722789,1082,jamestown,200
2019-09-04,13:02:17.838169,1083,attawapiskat,404
2019-09-04,13:02:17.973971,1084,hualmay,200
2019-09-04,13:02:18.203379,1085,lebu,200
2019-09-04,13:02:18.320638,1086,illoqqortoormiut,404
2019-09-04,13:02:18.444993,1087,keti bandar,200
2019-09-04,13:02:18.666446,1088,riobamba,200
2019-09-04,13:02:19.004406,1089,faya,200
2019-09-04,13:02:19.129547,1090,hilo,200
2019-09-04,13:02:19.265896,1091,upernavik,200
2019-09-04,13:02:19.384801,1092,soligalich,200
2019-09-04,13:02:19.619125,1093,bathsheba,200
2019-09-04,13:02:19.728738,1094,vaitupu,404
2019-09-04,13:02:19.872013,1095,hilo,200
2019-09-04,13:02:19.983821,1096,jamestown,200
2019-09-04,13:02:20.106992,1097,araguacu,404
2019-09-04,13:02:20.248827,1098,rungata,404
2019-09-04,13:02:20.372557,1099,cherskiy,200
2019-09-04,13:02:20.497643,1100,kahului,200
2019-09-04,13:02:20.623278,1101,narsaq,200
2019-09-04,13:02:20.795539,1102,sinnamary,200
2019-09-04,13:02:20.928038,1103,hobart,200
2019-09-04,13:02:21.053046,1104,khatanga,200
2019-09-04,13:02:21.298988,1105,daru,200
2019-09-04,13:02:21.423961,1106,ribeira grande,200
2019-09-04,13:02:21.572422,1107,saskylakh,200
2019-09-04,13:02:21.697589,1108,provideniya,200
2019-09-04,13:02:21.825953,1109,bredasdorp,200
2019-09-04,13:02:21.933946,1110,auki,200
2019-09-04,13:02:22.059428,1111,egra,200
2019-09-04,13:02:22.291657,1112,ushuaia,200
2019-09-04,13:02:22.401079,1113,barrow,200
2019-09-04,13:02:22.540264,1114,hilo,200
2019-09-04,13:02:22.650026,1115,barrow,200
2019-09-04,13:02:22.782892,1116,saldanha,200
2019-09-04,13:02:22.898444,1117,taolanaro,404
2019-09-04,13:02:23.032044,1118,koumac,200
2019-09-04,13:02:23.257402,1119,lorengau,200
2019-09-04,13:02:23.367127,1120,busselton,200
2019-09-04,13:02:23.498844,1121,bengkulu,404
2019-09-04,13:02:23.615774,1122,mataura,200
2019-09-04,13:02:23.740489,1123,brae,200
2019-09-04,13:02:23.964662,1124,rikitea,200
2019-09-04,13:02:24.082411,1125,mataura,200
2019-09-04,13:02:24.202626,1126,punta arenas,200
2019-09-04,13:02:24.315344,1127,uruacu,200
2019-09-04,13:02:24.485909,1128,nioro,200
2019-09-04,13:02:24.733671,1129,mawlaik,200
2019-09-04,13:02:24.958823,1130,nome,200
2019-09-04,13:02:25.112922,1131,victoria,200
2019-09-04,13:02:25.282042,1132,amderma,404
2019-09-04,13:02:25.407103,1133,lolua,404
2019-09-04,13:02:25.551667,1134,busselton,200
2019-09-04,13:02:25.676579,1135,avarua,200
2019-09-04,13:02:25.815209,1136,bay-khaak,200
2019-09-04,13:02:26.036426,1137,katsuura,200
2019-09-04,13:02:26.148046,1138,ushuaia,200
2019-09-04,13:02:26.274064,1139,itarema,200
2019-09-04,13:02:26.380175,1140,grand island,200
2019-09-04,13:02:26.598316,1141,port elizabeth,200
2019-09-04,13:02:26.726498,1142,atuona,200
2019-09-04,13:02:26.848264,1143,taolanaro,404
2019-09-04,13:02:26.961106,1144,chokurdakh,200
2019-09-04,13:02:27.080560,1145,santa rosa de aguan,200
2019-09-04,13:02:27.300417,1146,tosya,200
2019-09-04,13:02:27.524864,1147,hobart,200
2019-09-04,13:02:27.646641,1148,makakilo city,200
2019-09-04,13:02:27.767235,1149,college,200
2019-09-04,13:02:27.985081,1150,bredasdorp,200
2019-09-04,13:02:28.097496,1151,vaini,200
2019-09-04,13:02:28.220823,1152,mareeba,200
2019-09-04,13:02:28.433553,1153,rikitea,200
2019-09-04,13:02:28.546480,1154,ushuaia,200
2019-09-04,13:02:28.674320,1155,quang ngai,200
2019-09-04,13:02:28.935424,1156,nouadhibou,200
2019-09-04,13:02:29.166362,1157,khatanga,200
2019-09-04,13:02:29.291707,1158,canon city,200
2019-09-04,13:02:29.510406,1159,urucara,200
2019-09-04,13:02:29.741222,1160,portland,200
2019-09-04,13:02:29.860734,1161,cabedelo,200
2019-09-04,13:02:30.154860,1162,ushuaia,200
2019-09-04,13:02:30.279500,1163,jamestown,200
2019-09-04,13:02:30.396165,1164,mataura,200
2019-09-04,13:02:30.509780,1165,nikolskoye,200
2019-09-04,13:02:30.638753,1166,kedrovyy,200
2019-09-04,13:02:30.880710,1167,mataura,200
2019-09-04,13:02:30.992926,1168,nikolskoye,200
2019-09-04,13:02:31.117395,1169,taolanaro,404
2019-09-04,13:02:31.241736,1170,portsmouth,200
2019-09-04,13:02:31.483628,1171,pisco,200
2019-09-04,13:02:31.639812,1172,yellowknife,200
2019-09-04,13:02:31.747531,1173,yanam,200
2019-09-04,13:02:31.872897,1174,levokumskoye,200
2019-09-04,13:02:32.092798,1175,matara,200
2019-09-04,13:02:32.320209,1176,san patricio,200
2019-09-04,13:02:32.440765,1177,punta arenas,200
2019-09-04,13:02:32.558100,1178,rikitea,200
2019-09-04,13:02:32.674812,1179,mataura,200
2019-09-04,13:02:32.796011,1180,mar del plata,200
2019-09-04,13:02:32.921022,1181,jacareacanga,200
2019-09-04,13:02:33.141517,1182,avarua,200
2019-09-04,13:02:33.266530,1183,huarmey,200
2019-09-04,13:02:33.378964,1184,seoul,200
2019-09-04,13:02:33.504407,1185,larsnes,200
2019-09-04,13:02:33.725116,1186,taolanaro,404
2019-09-04,13:02:33.850099,1187,hilo,200
2019-09-04,13:02:33.971358,1188,camacha,200
2019-09-04,13:02:34.208943,1189,rikitea,200
2019-09-04,13:02:34.337989,1190,illoqqortoormiut,404
2019-09-04,13:02:34.457696,1191,albany,200
2019-09-04,13:02:34.634293,1192,brody,200
2019-09-04,13:02:34.934728,1193,tsihombe,404
2019-09-04,13:02:35.059813,1194,ushuaia,200
2019-09-04,13:02:35.187928,1195,rikitea,200
2019-09-04,13:02:35.304239,1196,ushuaia,200
2019-09-04,13:02:35.425720,1197,santa clara,200
2019-09-04,13:02:35.539316,1198,bolungarvik,404
2019-09-04,13:02:35.660029,1199,leningradskiy,200
2019-09-04,13:02:35.848950,1200,rio gallegos,200
2019-09-04,13:02:35.973729,1201,atuona,200
2019-09-04,13:02:36.098665,1202,mwingi,200
2019-09-04,13:02:36.322320,1203,albany,200
2019-09-04,13:02:36.447282,1204,port alfred,200
2019-09-04,13:02:36.576582,1205,chokurdakh,200
2019-09-04,13:02:36.686356,1206,tuktoyaktuk,200
2019-09-04,13:02:36.821399,1207,mys shmidta,404
2019-09-04,13:02:36.951100,1208,leningradskiy,200
2019-09-04,13:02:37.076736,1209,longyearbyen,200
2019-09-04,13:02:37.186507,1210,buchanan,200
2019-09-04,13:02:37.435639,1211,fare,200
2019-09-04,13:02:37.669869,1212,matagami,200
2019-09-04,13:02:37.899927,1213,vanavara,200
2019-09-04,13:02:38.163031,1214,asau,404
2019-09-04,13:02:38.284265,1215,rikitea,200
2019-09-04,13:02:38.404562,1216,busselton,200
2019-09-04,13:02:38.519989,1217,ushuaia,200
2019-09-04,13:02:38.645570,1218,rikitea,200
2019-09-04,13:02:38.769909,1219,san patricio,200
2019-09-04,13:02:38.890825,1220,tasiilaq,200
2019-09-04,13:02:39.016142,1221,ushuaia,200
2019-09-04,13:02:39.140924,1222,bonthe,200
2019-09-04,13:02:39.455573,1223,sabratah,200
2019-09-04,13:02:39.707421,1224,ushuaia,200
2019-09-04,13:02:39.832778,1225,cape town,200
2019-09-04,13:02:39.961196,1226,severo-kurilsk,200
2019-09-04,13:02:40.083888,1227,rikitea,200
2019-09-04,13:02:40.207319,1228,mananjary,200
2019-09-04,13:02:40.433411,1229,ribeira grande,200
2019-09-04,13:02:40.552208,1230,maragogi,200
2019-09-04,13:02:40.768588,1231,vaini,200
2019-09-04,13:02:40.893533,1232,puerto ayora,200
2019-09-04,13:02:41.037694,1233,belushya guba,404
2019-09-04,13:02:41.147442,1234,east london,200
2019-09-04,13:02:41.278797,1235,ushuaia,200
2019-09-04,13:02:41.384565,1236,katobu,200
2019-09-04,13:02:41.617763,1237,aklavik,200
2019-09-04,13:02:41.742750,1238,ribeira grande,200
2019-09-04,13:02:41.862658,1239,hasaki,200
2019-09-04,13:02:41.981940,1240,hun,200
2019-09-04,13:02:42.200967,1241,atuona,200
2019-09-04,13:02:42.328113,1242,victoria,200
2019-09-04,13:02:42.453397,1243,rikitea,200
2019-09-04,13:02:42.562697,1244,bluff,200
2019-09-04,13:02:42.693576,1245,salalah,200
2019-09-04,13:02:42.799959,1246,mareeba,200
2019-09-04,13:02:42.928070,1247,kavieng,200
2019-09-04,13:02:43.047719,1248,hermanus,200
2019-09-04,13:02:43.172060,1249,puerto ayora,200
2019-09-04,13:02:43.281808,1250,provideniya,200
2019-09-04,13:02:43.413787,1251,hobart,200
2019-09-04,13:02:43.533657,1252,vila franca do campo,200
2019-09-04,13:02:43.659166,1253,atuona,200
2019-09-04,13:02:43.764957,1254,severo-kurilsk,200
2019-09-04,13:02:43.892851,1255,dunedin,200
2019-09-04,13:02:44.013491,1256,tepechitlan,200
2019-09-04,13:02:44.232501,1257,inuvik,200
2019-09-04,13:02:44.357626,1258,rikitea,200
2019-09-04,13:02:44.472475,1259,bluff,200
2019-09-04,13:02:44.580024,1260,taolanaro,404
2019-09-04,13:02:44.735738,1261,albany,200
2019-09-04,13:02:44.876753,1262,jamestown,200
2019-09-04,13:02:44.986469,1263,khatanga,200
2019-09-04,13:02:45.116841,1264,mar del plata,200
2019-09-04,13:02:45.235873,1265,cap malheureux,200
2019-09-04,13:02:45.345916,1266,sao francisco do conde,200
2019-09-04,13:02:45.491841,1267,dikson,200
2019-09-04,13:02:45.612029,1268,zhongxing,200
2019-09-04,13:02:45.829951,1269,airai,200
2019-09-04,13:02:45.954862,1270,cherskiy,200
2019-09-04,13:02:46.085337,1271,gat,200
2019-09-04,13:02:46.303849,1272,fort nelson,200
2019-09-04,13:02:46.535097,1273,carnarvon,200
2019-09-04,13:02:46.645851,1274,punta arenas,200
2019-09-04,13:02:46.769406,1275,tasiilaq,200
2019-09-04,13:02:46.880018,1276,chokurdakh,200
2019-09-04,13:02:47.003689,1277,barrow,200
2019-09-04,13:02:47.113165,1278,jamestown,200
2019-09-04,13:02:47.241232,1279,bluff,200
2019-09-04,13:02:47.345286,1280,chumikan,200
2019-09-04,13:02:47.594340,1281,jamestown,200
2019-09-04,13:02:47.773648,1282,punta arenas,200
2019-09-04,13:02:47.880356,1283,kupang,200
2019-09-04,13:02:48.197483,1284,marinhas,200
2019-09-04,13:02:48.415214,1285,ushuaia,200
2019-09-04,13:02:48.528538,1286,mataura,200
2019-09-04,13:02:48.661423,1287,arraial do cabo,200
2019-09-04,13:02:48.762281,1288,vaini,200
2019-09-04,13:02:48.902783,1289,tiksi,200
2019-09-04,13:02:49.011298,1290,qaanaaq,200
2019-09-04,13:02:49.142504,1291,hermanus,200
2019-09-04,13:02:49.260094,1292,cabo san lucas,200
2019-09-04,13:02:49.385190,1293,kidal,200
2019-09-04,13:02:49.626840,1294,nalut,200
2019-09-04,13:02:49.743692,1295,illoqqortoormiut,404
2019-09-04,13:02:49.870603,1296,yellowknife,200
2019-09-04,13:02:49.975245,1297,uddevalla,200
2019-09-04,13:02:50.226027,1298,noumea,200
2019-09-04,13:02:50.468087,1299,kununurra,200
2019-09-04,13:02:50.703607,1300,sioux lookout,200
2019-09-04,13:02:50.902721,1301,coahuayana,200
2019-09-04,13:02:51.180688,1302,koungou,404
2019-09-04,13:02:51.321712,1303,ushuaia,200
2019-09-04,13:02:51.525197,1304,chumikan,200
2019-09-04,13:02:51.665787,1305,suez,200
2019-09-04,13:02:51.874610,1306,vaini,200
2019-09-04,13:02:51.999625,1307,talnakh,200
2019-09-04,13:02:52.124913,1308,atuona,200
2019-09-04,13:02:52.238930,1309,shetpe,200
2019-09-04,13:02:52.457778,1310,hermanus,200
2019-09-04,13:02:52.582411,1311,fortuna,200
2019-09-04,13:02:52.708532,1312,ust-kamchatsk,404
2019-09-04,13:02:52.823584,1313,port blair,200
2019-09-04,13:02:53.089106,1314,nosy varika,200
2019-09-04,13:02:53.329140,1315,kodiak,200
2019-09-04,13:02:53.454526,1316,taolanaro,404
2019-09-04,13:02:53.582965,1317,saskylakh,200
2019-09-04,13:02:53.704286,1318,salalah,200
2019-09-04,13:02:53.833949,1319,oktyabrskoye,200
2019-09-04,13:02:54.093477,1320,torbay,200
2019-09-04,13:02:54.206083,1321,komsomolskiy,200
2019-09-04,13:02:54.340796,1322,omboue,200
2019-09-04,13:02:54.558776,1323,bay-khaak,200
2019-09-04,13:02:54.674335,1324,waycross,200
2019-09-04,13:02:54.935454,1325,vao,200
2019-09-04,13:02:55.060437,1326,albany,200
2019-09-04,13:02:55.193138,1327,busselton,200
2019-09-04,13:02:55.302923,1328,rikitea,200
2019-09-04,13:02:55.436640,1329,taolanaro,404
2019-09-04,13:02:55.553618,1330,bur gabo,404
2019-09-04,13:02:55.865458,1331,kungurtug,200
2019-09-04,13:02:56.090892,1332,hilo,200
2019-09-04,13:02:56.204387,1333,cascais,200
2019-09-04,13:02:56.437655,1334,manaira,200
2019-09-04,13:02:56.678445,1335,nizhneyansk,404
2019-09-04,13:02:56.804612,1336,samarai,200
2019-09-04,13:02:57.053059,1337,porto nacional,200
2019-09-04,13:02:57.324590,1338,busselton,200
2019-09-04,13:02:57.449613,1339,carnarvon,200
2019-09-04,13:02:57.575089,1340,vao,200
2019-09-04,13:02:57.700128,1341,vaini,200
2019-09-04,13:02:57.820600,1342,pevek,200
2019-09-04,13:02:57.919245,1343,mataura,200
2019-09-04,13:02:58.048954,1344,barrow,200
2019-09-04,13:02:58.169777,1345,batagay-alyta,200
2019-09-04,13:02:58.385535,1346,palabuhanratu,404
2019-09-04,13:02:58.510618,1347,tumannyy,404
2019-09-04,13:02:58.643754,1348,puerto ayacucho,200
2019-09-04,13:02:58.895040,1349,ixtapa,200
2019-09-04,13:02:59.188676,1350,hobart,200
2019-09-04,13:02:59.313632,1351,orocue,200
2019-09-04,13:02:59.549905,1352,lorengau,200
2019-09-04,13:02:59.690143,1353,namatanai,200
2019-09-04,13:02:59.822446,1354,alihe,200
2019-09-04,13:03:00.035695,1355,valley city,200
2019-09-04,13:03:00.256030,1356,busselton,200
2019-09-04,13:03:00.384877,1357,olga,200
2019-09-04,13:03:00.757157,1358,mont-dore,200
2019-09-04,13:03:00.995966,1359,skalistyy,404
2019-09-04,13:03:01.118501,1360,hasaki,200
2019-09-04,13:03:01.249561,1361,punta arenas,200
2019-09-04,13:03:01.379568,1362,busselton,200
2019-09-04,13:03:01.499934,1363,rikitea,200
2019-09-04,13:03:01.615461,1364,faya,200
2019-09-04,13:03:01.754352,1365,port elizabeth,200
2019-09-04,13:03:01.864815,1366,dikson,200
2019-09-04,13:03:02.007955,1367,mataura,200
2019-09-04,13:03:02.763121,1368,qaanaaq,200
2019-09-04,13:03:02.934986,1369,talnakh,200
2019-09-04,13:03:03.052388,1370,vangaindrano,200
2019-09-04,13:03:03.265601,1371,sao joao da barra,200
2019-09-04,13:03:03.414430,1372,mataura,200
2019-09-04,13:03:03.536906,1373,mataura,200
2019-09-04,13:03:03.662094,1374,mataura,200
2019-09-04,13:03:03.784875,1375,falun,200
2019-09-04,13:03:04.099464,1376,sumbawa,404
2019-09-04,13:03:04.255719,1377,puerto del rosario,200
2019-09-04,13:03:04.508403,1378,mansa,200
2019-09-04,13:03:04.800510,1379,nikolskoye,200
2019-09-04,13:03:04.910203,1380,mys shmidta,404
2019-09-04,13:03:05.038780,1381,cape town,200
2019-09-04,13:03:05.145581,1382,amderma,404
2019-09-04,13:03:05.277547,1383,provideniya,200
2019-09-04,13:03:05.393981,1384,hermanus,200
2019-09-04,13:03:05.517210,1385,rikitea,200
2019-09-04,13:03:05.628017,1386,rikitea,200
2019-09-04,13:03:05.764156,1387,ust-omchug,200
2019-09-04,13:03:05.984752,1388,ipameri,200
2019-09-04,13:03:06.197889,1389,rikitea,200
2019-09-04,13:03:06.314064,1390,amderma,404
2019-09-04,13:03:06.444730,1391,ushuaia,200
2019-09-04,13:03:06.560367,1392,macusani,200
2019-09-04,13:03:06.789666,1393,katsuura,200
2019-09-04,13:03:06.914688,1394,bengkulu,404
2019-09-04,13:03:07.045817,1395,sisimiut,200
2019-09-04,13:03:07.265435,1396,atuona,200
2019-09-04,13:03:07.394304,1397,shimoda,200
2019-09-04,13:03:07.516162,1398,ketchikan,200
2019-09-04,13:03:07.751289,1399,russell,200
2019-09-04,13:03:08.047968,1400,punta arenas,200
2019-09-04,13:03:08.172984,1401,saleaula,404
2019-09-04,13:03:08.304918,1402,narsaq,200
2019-09-04,13:03:08.425845,1403,mar del plata,200
2019-09-04,13:03:08.556584,1404,pangnirtung,200
2019-09-04,13:03:08.674504,1405,busselton,200
2019-09-04,13:03:08.795209,1406,ahipara,200
2019-09-04,13:03:08.908784,1407,santa maria ixhuatan,200
2019-09-04,13:03:09.157445,1408,ostrovnoy,200
2019-09-04,13:03:09.282424,1409,bredasdorp,200
2019-09-04,13:03:09.413759,1410,saldanha,200
2019-09-04,13:03:09.525218,1411,attawapiskat,404
2019-09-04,13:03:09.665593,1412,busselton,200
2019-09-04,13:03:09.777045,1413,ushuaia,200
2019-09-04,13:03:09.906834,1414,butaritari,200
2019-09-04,13:03:10.024404,1415,saint george,200
2019-09-04,13:03:10.148681,1416,butaritari,200
2019-09-04,13:03:10.259446,1417,bredasdorp,200
2019-09-04,13:03:10.390817,1418,butaritari,200
2019-09-04,13:03:10.517414,1419,ushuaia,200
2019-09-04,13:03:10.636520,1420,saint-augustin,200
2019-09-04,13:03:10.856496,1421,yellowknife,200
2019-09-04,13:03:10.974378,1422,hilo,200
2019-09-04,13:03:11.093543,1423,birjand,200
2019-09-04,13:03:11.426485,1424,kodiak,200
2019-09-04,13:03:11.551441,1425,porto novo,200
2019-09-04,13:03:11.775080,1426,hermanus,200
2019-09-04,13:03:11.900115,1427,bredasdorp,200
2019-09-04,13:03:12.045121,1428,bengkulu,404
2019-09-04,13:03:12.169806,1429,busselton,200
2019-09-04,13:03:12.289248,1430,ballina,200
2019-09-04,13:03:12.508773,1431,yar-sale,200
2019-09-04,13:03:12.630328,1432,clyde river,200
2019-09-04,13:03:12.744812,1433,torbay,200
2019-09-04,13:03:12.870118,1434,barrow,200
2019-09-04,13:03:12.989243,1435,nome,200
2019-09-04,13:03:13.105114,1436,kapaa,200
2019-09-04,13:03:13.227873,1437,busselton,200
2019-09-04,13:03:13.339181,1438,sibolga,200
2019-09-04,13:03:13.557318,1439,qaanaaq,200
2019-09-04,13:03:13.682394,1440,rikitea,200
2019-09-04,13:03:13.810272,1441,ribeira grande,200
2019-09-04,13:03:13.951105,1442,longyearbyen,200
2019-09-04,13:03:14.077356,1443,punta arenas,200
2019-09-04,13:03:14.203642,1444,alofi,200
2019-09-04,13:03:14.326491,1445,rikitea,200
2019-09-04,13:03:14.435867,1446,te anau,200
2019-09-04,13:03:14.562117,1447,mataura,200
2019-09-04,13:03:14.670340,1448,fairbanks,200
2019-09-04,13:03:14.789985,1449,kirishi,200
2019-09-04,13:03:15.013807,1450,hasaki,200
2019-09-04,13:03:15.123100,1451,barrow,200
2019-09-04,13:03:15.253710,1452,talnakh,200
2019-09-04,13:03:15.372840,1453,bambous virieux,200
2019-09-04,13:03:15.498895,1454,thompson,200
2019-09-04,13:03:15.635090,1455,busselton,200
2019-09-04,13:03:15.752949,1456,flinders,200
2019-09-04,13:03:15.866602,1457,hobart,200
2019-09-04,13:03:15.982300,1458,springbok,200
2019-09-04,13:03:16.200495,1459,thompson,200
2019-09-04,13:03:16.334825,1460,stantsiya gorchakovo,404
2019-09-04,13:03:16.465847,1461,cidreira,200
2019-09-04,13:03:16.617302,1462,port blair,200
2019-09-04,13:03:16.727322,1463,vaitupu,404
2019-09-04,13:03:16.851904,1464,adrar,200
2019-09-04,13:03:17.135645,1465,black diamond,200
2019-09-04,13:03:17.276302,1466,puerto ayora,200
2019-09-04,13:03:17.404801,1467,hermanus,200
2019-09-04,13:03:17.519114,1468,ilulissat,200
2019-09-04,13:03:17.642590,1469,isangel,200
2019-09-04,13:03:17.753165,1470,westport,200
2019-09-04,13:03:17.894226,1471,puerto ayora,200
2019-09-04,13:03:18.031158,1472,nabire,200
2019-09-04,13:03:18.246936,1473,kapaa,200
2019-09-04,13:03:18.353875,1474,chokurdakh,200
2019-09-04,13:03:18.486504,1475,flinders,200
2019-09-04,13:03:18.599925,1476,albany,200
2019-09-04,13:03:18.719532,1477,chokurdakh,200
2019-09-04,13:03:18.839416,1478,paamiut,200
2019-09-04,13:03:19.103908,1479,avarua,200
2019-09-04,13:03:19.224955,1480,aklavik,200
2019-09-04,13:03:19.344504,1481,cabedelo,200
2019-09-04,13:03:19.465121,1482,labuhan,200
2019-09-04,13:03:19.701511,1483,valparaiso,200
2019-09-04,13:03:19.941824,1484,cape town,200
2019-09-04,13:03:20.064830,1485,korla,404
2019-09-04,13:03:20.193678,1486,waingapu,200
2019-09-04,13:03:20.409222,1487,iqaluit,200
2019-09-04,13:03:20.695276,1488,rikitea,200
2019-09-04,13:03:20.817456,1489,zalakomar,200
2019-09-04,13:03:21.083396,1490,attawapiskat,404
2019-09-04,13:03:21.201087,1491,mataura,200
2019-09-04,13:03:21.327441,1492,bluff,200
2019-09-04,13:03:21.432185,1493,saint-joseph,200
2019-09-04,13:03:21.697976,1494,labuhan,200
2019-09-04,13:03:21.842277,1495,cabo san lucas,200
2019-09-04,13:03:21.952544,1496,atuona,200
2019-09-04,13:03:22.077491,1497,dingle,200
2019-09-04,13:03:22.301676,1498,eureka,200
2019-09-04,13:03:22.426640,1499,asau,404
2019-09-04,13:03:22.553369,1500,mataura,200