,City,Cloudiness,Country,Date,Humidity,Lat,Lng,Max_Temp,Wind_Speed
0,Ushuaia,0,AR,09/04/19,60,-54.81,-68.31,41.0,10.8
1,Mataura,100,NZ,09/04/19,96,-46.19,168.86,46.004000000000055,1.73
2,Cape Town,20,ZA,09/04/19,77,-33.93,18.42,60.00800000000001,10.3
3,Itarema,74,BR,09/04/19,52,-2.92,-39.92,86.99000000000002,7.54
4,Faya,40,SA,09/04/19,47,18.39,42.45,78.80000000000001,2.1
5,Deputatskiy,100,RU,09/04/19,83,69.3,139.9,36.95,0.68
6,New Norfolk,29,AU,09/04/19,97,-42.78,147.06,46.004000000000055,2.6
7,Rikitea,95,PF,09/04/19,71,-23.12,-134.97,72.95,3.31
8,Atuona,74,PF,09/04/19,74,-9.8,-139.03,78.53000000000004,3.92
9,Butaritari,95,KI,09/04/19,74,3.07,172.79,83.2100000000001,2.43
10,Rikitea,95,PF,09/04/19,71,-23.12,-134.97,72.95,3.31
11,Mataura,100,NZ,09/04/19,96,-46.19,168.86,46.004000000000055,1.73
12,Hermanus,23,ZA,09/04/19,82,-34.42,19.24,57.992,0.89
13,Atuona,74,PF,09/04/19,74,-9.8,-139.03,78.53000000000004,3.92
14,Jamestown,13,AU,09/04/19,60,-33.21,138.6,54.77000000000007,3.61
15,Butaritari,95,KI,09/04/19,74,3.07,172.79,83.2100000000001,2.43
16,Hilo,90,US,09/04/19,88,19.71,-155.08,73.4,3.6
17,Sept-Iles,90,CA,09/04/19,93,50.2,-66.38,51.00800000000001,7.7
18,Tacoronte,20,ES,09/04/19,72,28.48,-16.41,77.0,6.2
19,Cape Town,20,ZA,09/04/19,77,-33.93,18.42,60.00800000000001,10.3
20,Boden,0,SE,09/04/19,76,65.83,21.69,53.6,2.6
21,Dasoguz,0,TM,09/04/19,48,41.84,59.97,66.2,4.42
22,Ushuaia,0,AR,09/04/19,60,-54.81,-68.31,41.0,10.8
23,Nalut,75,LY,09/04/19,49,31.86,10.98,80.87000000000006,9.15
24,Busselton,79,AU,09/04/19,65,-33.64,115.35,39.00200000000008,5.12
25,Youghal,40,IE,09/04/19,62,51.95,-7.85,57.2,12.3
26,Albany,90,US,09/04/19,73,42.65,-73.75,78.99800000000002,6.2
27,Chuy,48,UY,09/04/19,59,-33.69,-53.46,48.650000000000006,6.67
28,Hilo,90,US,09/04/19,88,19.71,-155.08,73.4,3.6
29,Buala,20,SB,09/04/19,84,-8.15,159.59,78.53000000000004,3.47
30,Lompoc,1,US,09/04/19,44,34.64,-120.46,89.00600000000003,1.5
31,Saint-Philippe,75,CA,09/04/19,60,45.36,-73.48,75.2,10.8
32,Uporovo,100,RU,09/04/19,87,56.31,66.27,47.75,0.59
33,Bijar,0,IR,09/04/19,55,35.87,47.6,59.99000000000002,2.31
34,Rikitea,95,PF,09/04/19,71,-23.12,-134.97,72.95,3.31
35,Cairns,86,AU,09/04/19,87,-16.92,145.77,53.00600000000003,0.96
36,Mtambile,2,TZ,09/04/19,82,-5.38,39.7,77.81000000000009,8.69
37,Bengbu,57,CN,09/04/19,92,32.92,117.38,66.83000000000004,1.6
38,Cap Malheureux,75,MU,09/04/19,83,-19.98,57.61,71.99600000000005,5.7
39,Khatanga,15,RU,09/04/19,74,71.98,102.47,30.11000000000008,1.75
40,Omsukchan,93,RU,09/04/19,87,62.53,155.8,39.29000000000002,3.24
41,Orlik,0,PL,09/04/19,59,53.95,17.74,68.0,2.6
42,Hwange,0,ZW,09/04/19,31,-18.35,26.5,69.89000000000001,2.32
43,Ucluelet,75,CA,09/04/19,82,48.94,-125.55,64.99400000000009,1.5
44,Ornskoldsvik,0,SE,09/04/19,58,63.29,18.72,55.400000000000006,1.5
45,Puerto Ayora,40,EC,09/04/19,65,-0.74,-90.35,78.80000000000001,9.8
46,Candolim,75,IN,09/04/19,88,15.52,73.76,78.80000000000001,3.1
47,Hobart,29,AU,09/04/19,97,-42.88,147.33,46.004000000000055,2.6
48,Kapaa,40,US,09/04/19,74,22.08,-159.32,82.4,5.1
49,Kapaa,40,US,09/04/19,74,22.08,-159.32,82.4,5.1
50,Khasan,100,RU,09/04/19,97,42.43,130.64,63.59000000000002,0.47
51,New Norfolk,29,AU,09/04/19,97,-42.78,147.06,46.004000000000055,2.6
52,Severo-Kurilsk,83,RU,09/04/19,92,50.68,156.12,49.91000000000008,9.46
53,Rawson,55,AR,09/04/19,45,-43.3,-65.11,40.91000000000008,3.06
54,Georgetown,75,GY,09/04/19,88,6.8,-58.16,82.4,5.1
55,Bluff,0,AU,09/04/19,28,-23.58,149.07,60.71000000000008,1.52
56,Rikitea,95,PF,09/04/19,71,-23.12,-134.97,72.95,3.31
57,Sulangan,99,PH,09/04/19,72,11.14,123.72,81.95,3.36
58,Tuktoyaktuk,75,CA,09/04/19,87,69.44,-133.03,46.4,2.1
59,Batemans Bay,28,AU,09/04/19,91,-35.71,150.18,53.99600000000005,0.89
60,Kapaa,40,US,09/04/19,74,22.08,-159.32,82.4,5.1
61,East London,75,ZA,09/04/19,93,-33.02,27.91,59.0,2.6
62,Kapaa,40,US,09/04/19,74,22.08,-159.32,82.4,5.1
63,Sao Filipe,0,CV,09/04/19,83,14.9,-24.5,81.05000000000001,5.43
64,Vardo,75,US,09/04/19,52,39.62,-77.74,91.99400000000009,4.6
65,Saldanha,1,PT,09/04/19,25,41.42,-6.55,85.01000000000008,5.14
66,Nanortalik,95,GL,09/04/19,80,60.14,-45.24,43.070000000000064,4.51
67,Fenoarivo,20,MG,09/04/19,72,-18.93,47.44,59.0,4.1
68,Bluff,0,AU,09/04/19,28,-23.58,149.07,60.71000000000008,1.52
69,Batesville,1,US,09/04/19,59,35.77,-91.64,93.00200000000008,1.25
70,Jamestown,13,AU,09/04/19,60,-33.21,138.6,54.77000000000007,3.61
71,Cherskiy,14,RU,09/04/19,61,68.75,161.3,39.110000000000085,2.72
72,Torbay,75,CA,09/04/19,77,47.66,-52.73,71.00600000000003,4.1
73,Ribeira Grande,20,PT,09/04/19,64,38.52,-28.7,75.2,8.2
74,Port Alfred,95,ZA,09/04/19,93,-33.59,26.89,57.992,0.45
75,Jumla,99,NP,09/04/19,98,29.28,82.18,53.690000000000026,1.07
76,Hithadhoo,49,MV,09/04/19,77,-0.6,73.08,83.75,7.1
77,Bilma,2,NE,09/04/19,13,18.69,12.92,102.11000000000008,0.84
78,Vardo,75,US,09/04/19,52,39.62,-77.74,91.99400000000009,4.6
79,Port Alfred,95,ZA,09/04/19,93,-33.59,26.89,57.992,0.45
80,Mataura,100,NZ,09/04/19,96,-46.19,168.86,46.004000000000055,1.73
81,Nador,20,MA,09/04/19,78,35.17,-2.93,82.4,2.6
82,Busselton,79,AU,09/04/19,65,-33.64,115.35,39.00200000000008,5.12
83,Mataura,100,NZ,09/04/19,96,-46.19,168.86,46.004000000000055,1.73
84,Punta Arenas,75,CL,09/04/19,69,-53.16,-70.91,39.00200000000008,2.24
85,Saskylakh,84,RU,09/04/19,84,71.97,114.09,31.73000000000004,4.89
86,Ucluelet,75,CA,09/04/19,82,48.94,-125.55,64.99400000000009,1.5
87,Albany,90,US,09/04/19,73,42.65,-73.75,78.99800000000002,6.2
88,Saint George,0,GR,09/04/19,44,39.45,22.34,78.80000000000001,1.0
89,Port Alfred,95,ZA,09/04/19,93,-33.59,26.89,57.992,0.45
90,Ushuaia,0,AR,09/04/19,60,-54.81,-68.31,41.0,10.8
91,Rikitea,95,PF,09/04/19,71,-23.12,-134.97,72.95,3.31
92,Hilo,90,US,09/04/19,88,19.71,-155.08,73.4,3.6
93,Mende,0,FR,09/04/19,23,44.52,3.5,77.0,4.1
94,Bluff,0,AU,09/04/19,28,-23.58,149.07,60.71000000000008,1.52
95,Kavieng,100,PG,09/04/19,77,-2.57,150.8,81.77000000000007,4.04
96,Rikitea,95,PF,09/04/19,71,-23.12,-134.97,72.95,3.31
97,Micheweni,0,TZ,09/04/19,81,-4.97,39.83,77.45,7.41
98,Bonwapitse,0,BW,09/04/19,16,-23.08,26.7,67.19000000000003,1.76
99,Jamestown,13,AU,09/04/19,60,-33.21,138.6,54.77000000000007,3.61
100,Jamestown,13,AU,09/04/19,60,-33.21,138.6,54.77000000000007,3.61
101,Jamestown,13,AU,09/04/19,60,-33.21,138.6,54.77000000000007,3.61
102,Blind River,1,CA,09/04/19,45,46.19,-82.96,66.2,2.1
103,Mataura,100,NZ,09/04/19,96,-46.19,168.86,46.004000000000055,1.73
104,Lavrentiya,94,RU,09/04/19,97,65.58,-170.99,43.610000000000085,4.39
105,Padang,84,ID,09/04/19,84,-0.92,100.36,81.59000000000003,8.75
106,Bredasdorp,65,ZA,09/04/19,81,-34.53,20.04,57.00200000000008,2.1
107,Chuy,48,UY,09/04/19,59,-33.69,-53.46,48.650000000000006,6.67
108,Muros,20,ES,09/04/19,60,42.77,-9.06,78.00800000000001,7.7
109,Port Elizabeth,20,US,09/04/19,62,39.31,-74.98,91.99400000000009,5.1
110,Ancud,0,CL,09/04/19,51,-41.87,-73.83,50.81000000000009,3.96
111,Bezerros,92,BR,09/04/19,82,-8.24,-35.76,73.85,5.44
112,Llanes,8,ES,09/04/19,86,43.42,-4.75,69.00800000000001,0.89
113,Bluff,0,AU,09/04/19,28,-23.58,149.07,60.71000000000008,1.52
114,Busselton,79,AU,09/04/19,65,-33.64,115.35,39.00200000000008,5.12
115,Tezu,97,IN,09/04/19,71,27.93,96.16,75.65,0.67
116,Pleasanton,40,US,09/04/19,73,37.66,-121.87,82.4,2.6
117,Albany,90,US,09/04/19,73,42.65,-73.75,78.99800000000002,6.2
118,Hobart,29,AU,09/04/19,97,-42.88,147.33,46.004000000000055,2.6
119,Mataura,100,NZ,09/04/19,96,-46.19,168.86,46.004000000000055,1.73
120,Mataura,100,NZ,09/04/19,96,-46.19,168.86,46.004000000000055,1.73
121,Lebu,75,ET,09/04/19,88,8.96,38.73,62.6,1.5
122,Ribeira Grande,20,PT,09/04/19,64,38.52,-28.7,75.2,8.2
123,Punta Arenas,75,CL,09/04/19,69,-53.16,-70.91,39.00200000000008,2.24
124,Mar del Plata,0,AR,09/04/19,39,-46.43,-67.52,38.39000000000002,2.07
125,Tuktoyaktuk,75,CA,09/04/19,87,69.44,-133.03,46.4,2.1
126,Barrow,85,AR,09/04/19,49,-38.31,-60.23,47.21000000000008,5.48
127,Jamestown,13,AU,09/04/19,60,-33.21,138.6,54.77000000000007,3.61
128,Jasper,1,US,09/04/19,46,33.83,-87.28,96.00800000000001,1.5
129,Grindavik,90,IS,09/04/19,100,63.84,-22.43,50.0,3.6
130,Avarua,79,CK,09/04/19,68,-21.21,-159.78,71.6,6.2
131,Nyborg,40,NO,09/04/19,58,70.18,28.61,57.2,4.1
132,Broken Hill,0,AU,09/04/19,11,-31.97,141.45,64.4,2.6
133,Kapaa,40,US,09/04/19,74,22.08,-159.32,82.4,5.1
134,Ribeira Grande,20,PT,09/04/19,64,38.52,-28.7,75.2,8.2
135,Kaseda,40,JP,09/04/19,88,31.42,130.32,77.0,4.6
136,Hombourg-Haut,0,FR,09/04/19,35,49.13,6.78,77.0,6.2
137,Khatanga,15,RU,09/04/19,74,71.98,102.47,30.11000000000008,1.75
138,Jamestown,13,AU,09/04/19,60,-33.21,138.6,54.77000000000007,3.61
139,Vaini,100,IN,09/04/19,94,15.34,74.49,75.29000000000002,1.98
140,Parati,20,BR,09/04/19,40,-20.51,-54.63,89.6,2.6
141,Codrington,0,AU,09/04/19,93,-28.95,153.24,51.00800000000001,4.1
142,Hobart,29,AU,09/04/19,97,-42.88,147.33,46.004000000000055,2.6
143,Kruisfontein,99,ZA,09/04/19,85,-34.0,24.73,54.95,1.32
144,Longyearbyen,75,NO,09/04/19,80,78.22,15.63,33.8,2.1
145,Hermanus,23,ZA,09/04/19,82,-34.42,19.24,57.992,0.89
146,Berea,90,US,09/04/19,52,37.57,-84.3,89.99600000000005,3.6
147,Kapaa,40,US,09/04/19,74,22.08,-159.32,82.4,5.1
148,Maniitsoq,100,GL,09/04/19,87,65.42,-52.9,40.73000000000004,10.63
149,Barrow,85,AR,09/04/19,49,-38.31,-60.23,47.21000000000008,5.48
150,Mataura,100,NZ,09/04/19,96,-46.19,168.86,46.004000000000055,1.73
151,Ust-Maya,0,RU,09/04/19,95,60.42,134.54,43.43000000000004,1.24
152,Shimoda,39,JP,09/04/19,89,34.7,138.93,75.99199999999999,0.45
153,Arraial do Cabo,75,BR,09/04/19,88,-22.97,-42.02,73.4,7.7
154,Vaini,100,IN,09/04/19,94,15.34,74.49,75.29000000000002,1.98
155,Lagoa,20,PT,09/04/19,74,37.14,-8.45,82.99400000000009,3.6
156,Iwanai,100,JP,09/04/19,78,42.97,140.51,55.67000000000006,2.8
157,Albany,90,US,09/04/19,73,42.65,-73.75,78.99800000000002,6.2
158,Busselton,79,AU,09/04/19,65,-33.64,115.35,39.00200000000008,5.12
159,Vaini,100,IN,09/04/19,94,15.34,74.49,75.29000000000002,1.98
160,East London,75,ZA,09/04/19,93,-33.02,27.91,59.0,2.6
161,Rikitea,95,PF,09/04/19,71,-23.12,-134.97,72.95,3.31
162,Inta,0,RU,09/04/19,81,66.04,60.13,50.27000000000007,3.2
163,Ushuaia,0,AR,09/04/19,60,-54.81,-68.31,41.0,10.8
164,Upernavik,5,GL,09/04/19,80,72.79,-56.15,43.070000000000064,5.54
165,Saskylakh,84,RU,09/04/19,84,71.97,114.09,31.73000000000004,4.89
166,Ponta do Sol,0,BR,09/04/19,21,-20.63,-46.0,91.49000000000002,2.54
167,Longyearbyen,75,NO,09/04/19,80,78.22,15.63,33.8,2.1
168,Sao Filipe,0,CV,09/04/19,83,14.9,-24.5,81.05000000000001,5.43
169,Ahar,0,IR,09/04/19,54,38.48,47.07,60.530000000000044,2.19
170,Shingu,12,JP,09/04/19,95,33.72,135.99,66.65,2.36
171,Port Alfred,95,ZA,09/04/19,93,-33.59,26.89,57.992,0.45
172,East London,75,ZA,09/04/19,93,-33.02,27.91,59.0,2.6
173,Hilo,90,US,09/04/19,88,19.71,-155.08,73.4,3.6
174,Pokosnoye,82,RU,09/04/19,85,55.53,101.05,49.190000000000026,2.08
175,Nikolskoye,20,RU,09/04/19,72,59.7,30.79,62.99600000000005,3.0
176,Sitka,0,US,09/04/19,47,37.17,-99.65,87.99800000000002,4.47
177,Mar del Plata,0,AR,09/04/19,39,-46.43,-67.52,38.39000000000002,2.07
178,Tiksi,100,RU,09/04/19,91,71.64,128.87,42.17000000000006,3.35
179,New Norfolk,29,AU,09/04/19,97,-42.78,147.06,46.004000000000055,2.6
180,Petropavlovsk-Kamchatskiy,75,RU,09/04/19,100,53.05,158.65,50.0,3.0
181,Tanabe,40,JP,09/04/19,75,33.73,135.39,79.61000000000008,3.81
182,Lavrentiya,94,RU,09/04/19,97,65.58,-170.99,43.610000000000085,4.39
183,Hermanus,23,ZA,09/04/19,82,-34.42,19.24,57.992,0.89
184,Arraial do Cabo,75,BR,09/04/19,88,-22.97,-42.02,73.4,7.7
185,Saint-Philippe,75,CA,09/04/19,60,45.36,-73.48,75.2,10.8
186,Castro,0,CL,09/04/19,46,-42.48,-73.76,47.030000000000044,2.22
187,Hay River,75,CA,09/04/19,76,60.82,-115.79,53.6,4.6
188,Ribeira Grande,20,PT,09/04/19,64,38.52,-28.7,75.2,8.2
189,Qaanaaq,34,GL,09/04/19,45,77.48,-69.36,34.25,2.0
190,Yellowknife,75,CA,09/04/19,66,62.45,-114.38,51.8,5.1
191,Torbay,75,CA,09/04/19,77,47.66,-52.73,71.00600000000003,4.1
192,Avarua,79,CK,09/04/19,68,-21.21,-159.78,71.6,6.2
193,Sorland,40,NO,09/04/19,87,67.67,12.69,50.0,6.7
194,Inuvik,75,CA,09/04/19,87,68.36,-133.71,50.0,4.6
195,Barrow,85,AR,09/04/19,49,-38.31,-60.23,47.21000000000008,5.48
196,Victoria,75,BN,09/04/19,88,5.28,115.24,80.6,2.07
197,Cape Town,20,ZA,09/04/19,77,-33.93,18.42,60.00800000000001,10.3
198,Ushuaia,0,AR,09/04/19,60,-54.81,-68.31,41.0,10.8
199,Ushuaia,0,AR,09/04/19,60,-54.81,-68.31,41.0,10.8
200,Albany,90,US,09/04/19,73,42.65,-73.75,78.99800000000002,6.2
201,Carnarvon,12,ZA,09/04/19,18,-30.97,22.13,61.610000000000085,6.01
202,Camopi,65,GF,09/04/19,34,3.17,-52.33,95.63000000000005,2.82
203,Narsaq,75,GL,09/04/19,87,60.91,-46.05,48.2,4.1
204,Punta Arenas,75,CL,09/04/19,69,-53.16,-70.91,39.00200000000008,2.24
205,Luau,2,CD,09/04/19,23,-10.7,22.23,79.97000000000006,1.19
206,Filadelfia,95,PY,09/04/19,33,-22.35,-60.04,76.01000000000008,4.56
207,Busselton,79,AU,09/04/19,65,-33.64,115.35,39.00200000000008,5.12
208,Svobodnyy,24,RU,09/04/19,60,53.85,40.53,60.35,3.55
209,Albany,90,US,09/04/19,73,42.65,-73.75,78.99800000000002,6.2
210,Hilo,90,US,09/04/19,88,19.71,-155.08,73.4,3.6
211,Finschhafen,99,PG,09/04/19,98,-6.6,147.85,63.41000000000008,0.58
212,Juybar,0,IR,09/04/19,69,36.64,52.91,77.0,1.14
213,Thompson,40,CA,09/04/19,61,55.74,-97.86,48.2,2.6
214,Carnarvon,12,ZA,09/04/19,18,-30.97,22.13,61.610000000000085,6.01
215,Maceio,40,BR,09/04/19,69,-9.67,-35.74,80.6,3.1
216,Albany,90,US,09/04/19,73,42.65,-73.75,78.99800000000002,6.2
217,Bluff,0,AU,09/04/19,28,-23.58,149.07,60.71000000000008,1.52
218,Harper,40,US,09/04/19,38,30.3,-99.24,91.4,4.6
219,Tasiilaq,75,GL,09/04/19,65,65.61,-37.64,44.6,10.8
220,Deutschlandsberg,0,AT,09/04/19,55,46.81,15.21,69.80000000000001,2.6
221,Dikson,100,RU,09/04/19,98,73.51,80.55,43.25,8.45
222,Caravelas,62,BR,09/04/19,72,-17.73,-39.27,77.63000000000005,6.06
223,Kangaba,61,ML,09/04/19,78,11.94,-8.41,81.95,0.86
224,Pontianak,26,ID,09/04/19,78,-0.02,109.34,82.31000000000009,6.59
225,Lebu,75,ET,09/04/19,88,8.96,38.73,62.6,1.5
226,Rikitea,95,PF,09/04/19,71,-23.12,-134.97,72.95,3.31
227,Yelizovo,75,RU,09/04/19,100,53.19,158.38,50.0,3.0
228,Kamina,41,CD,09/04/19,25,-8.74,25.0,77.27000000000007,1.75
229,Busselton,79,AU,09/04/19,65,-33.64,115.35,39.00200000000008,5.12
230,Busselton,79,AU,09/04/19,65,-33.64,115.35,39.00200000000008,5.12
231,Laguna,75,BZ,09/04/19,70,16.17,-88.94,89.6,3.1
232,Comal,20,US,09/04/19,55,36.24,-92.77,91.00400000000005,2.1
233,Atuona,74,PF,09/04/19,74,-9.8,-139.03,78.53000000000004,3.92
234,Atuona,74,PF,09/04/19,74,-9.8,-139.03,78.53000000000004,3.92
235,Ilulissat,75,GL,09/04/19,61,69.22,-51.1,46.4,2.1
236,Mataura,100,NZ,09/04/19,96,-46.19,168.86,46.004000000000055,1.73
237,Ribeira Grande,20,PT,09/04/19,64,38.52,-28.7,75.2,8.2
238,Tarakan,12,ID,09/04/19,86,3.3,117.63,79.25,1.44
239,Kamenka,73,MD,09/04/19,78,48.03,28.7,59.0,1.85
240,Cumanayagua,75,CU,09/04/19,79,22.15,-80.2,86.0,3.1
241,Port Elizabeth,20,US,09/04/19,62,39.31,-74.98,91.99400000000009,5.1
242,Negombo,40,LK,09/04/19,83,7.21,79.83,82.4,3.6
243,Neuquen,0,AR,09/04/19,36,-38.95,-68.06,46.4,6.7
244,Cherskiy,14,RU,09/04/19,61,68.75,161.3,39.110000000000085,2.72
245,Richards Bay,7,ZA,09/04/19,76,-28.77,32.06,69.7100000000001,8.06
246,Barrow,85,AR,09/04/19,49,-38.31,-60.23,47.21000000000008,5.48
247,Lingao,79,CN,09/04/19,84,19.91,109.69,83.2100000000001,7.2
248,Chuy,48,UY,09/04/19,59,-33.69,-53.46,48.650000000000006,6.67
249,Punta Arenas,75,CL,09/04/19,69,-53.16,-70.91,39.00200000000008,2.24
250,Cherrapunji,99,IN,09/04/19,96,25.28,91.72,64.31000000000009,1.33
251,Kaitangata,100,NZ,09/04/19,78,-46.28,169.85,48.992,1.79
252,Isangel,45,VU,09/04/19,65,-19.55,169.27,71.15,5.07
253,San Patricio,38,PY,09/04/19,45,-26.98,-56.83,66.47000000000006,4.74
254,Cape Town,20,ZA,09/04/19,77,-33.93,18.42,60.00800000000001,10.3
255,Georgetown,75,GY,09/04/19,88,6.8,-58.16,82.4,5.1
256,Gloucester,20,GB,09/04/19,63,51.87,-2.25,62.6,6.2
257,Cape Town,20,ZA,09/04/19,77,-33.93,18.42,60.00800000000001,10.3
258,Soyo,63,AO,09/04/19,84,-6.13,12.37,73.49000000000002,4.6
259,Arraial do Cabo,75,BR,09/04/19,88,-22.97,-42.02,73.4,7.7
260,Ushuaia,0,AR,09/04/19,60,-54.81,-68.31,41.0,10.8
261,Pisco,90,PE,09/04/19,30,-13.71,-76.2,71.6,4.1
262,Mataura,100,NZ,09/04/19,96,-46.19,168.86,46.004000000000055,1.73
263,Ewo,93,CG,09/04/19,65,-0.88,14.81,79.97000000000006,2.42
264,Albany,90,US,09/04/19,73,42.65,-73.75,78.99800000000002,6.2
265,Kapaa,40,US,09/04/19,74,22.08,-159.32,82.4,5.1
266,Porto de Moz,71,BR,09/04/19,40,-1.75,-52.24,95.63000000000005,2.8
267,Mataura,100,NZ,09/04/19,96,-46.19,168.86,46.004000000000055,1.73
268,Lavrentiya,94,RU,09/04/19,97,65.58,-170.99,43.610000000000085,4.39
269,Mar del Plata,0,AR,09/04/19,39,-46.43,-67.52,38.39000000000002,2.07
270,Ushuaia,0,AR,09/04/19,60,-54.81,-68.31,41.0,10.8
271,Torbay,75,CA,09/04/19,77,47.66,-52.73,71.00600000000003,4.1
272,Nikolskoye,20,RU,09/04/19,72,59.7,30.79,62.99600000000005,3.0
273,Mar del Plata,0,AR,09/04/19,39,-46.43,-67.52,38.39000000000002,2.07
274,Vila Velha,20,BR,09/04/19,62,-3.71,-38.6,86.0,8.2
275,Salym,60,RU,09/04/19,98,60.06,71.48,45.41000000000008,1.72
276,Llandrindod Wells,72,GB,09/04/19,65,52.24,-3.38,60.00800000000001,4.02
277,Barrow,85,AR,09/04/19,49,-38.31,-60.23,47.21000000000008,5.48
278,Chuy,48,UY,09/04/19,59,-33.69,-53.46,48.650000000000006,6.67
279,Nome,40,US,09/04/19,41,30.04,-94.42,95.0,3.6
280,Serzhen-Yurt,0,RU,09/04/19,53,43.12,45.98,71.6,4.0
281,Areka,90,ET,09/04/19,89,7.07,37.71,66.47000000000006,1.1
282,Ushuaia,0,AR,09/04/19,60,-54.81,-68.31,41.0,10.8
283,Puerto Ayora,40,EC,09/04/19,65,-0.74,-90.35,78.80000000000001,9.8
284,Maniitsoq,100,GL,09/04/19,87,65.42,-52.9,40.73000000000004,10.63
285,Ouadda,83,CF,09/04/19,96,8.07,22.4,69.35,1.45
286,Ambon,0,FR,09/04/19,48,47.55,-2.56,71.00600000000003,4.1
287,Bhinmal,99,IN,09/04/19,74,25.01,72.27,85.55000000000001,5.97
288,Mataura,100,NZ,09/04/19,96,-46.19,168.86,46.004000000000055,1.73
289,Lorengau,94,PG,09/04/19,87,-2.02,147.27,78.53000000000004,5.14
290,Vila Franca do Campo,20,PT,09/04/19,64,37.72,-25.43,73.4,7.2
291,Tiznit,0,MA,09/04/19,85,29.7,-9.73,68.09000000000003,2.62
292,Mataura,100,NZ,09/04/19,96,-46.19,168.86,46.004000000000055,1.73
293,Torbay,75,CA,09/04/19,77,47.66,-52.73,71.00600000000003,4.1
294,Mataura,100,NZ,09/04/19,96,-46.19,168.86,46.004000000000055,1.73
295,Chenzhou,0,CN,09/04/19,89,25.81,113.03,72.05000000000001,0.93
296,Rikitea,95,PF,09/04/19,71,-23.12,-134.97,72.95,3.31
297,Mataura,100,NZ,09/04/19,96,-46.19,168.86,46.004000000000055,1.73
298,Bluff,0,AU,09/04/19,28,-23.58,149.07,60.71000000000008,1.52
299,Lahij,33,YE,09/04/19,32,13.06,44.88,95.63000000000005,4.21
300,Tamworth,0,AU,09/04/19,52,-31.09,150.93,46.4,1.97
301,Ponta Delgada,20,PT,09/04/19,64,37.73,-25.67,73.4,7.2
302,Ushuaia,0,AR,09/04/19,60,-54.81,-68.31,41.0,10.8
303,Tygda,100,RU,09/04/19,98,53.11,126.33,53.150000000000006,2.28
304,Winona,75,CA,09/04/19,68,43.21,-79.65,71.00600000000003,5.1
305,Kapaa,40,US,09/04/19,74,22.08,-159.32,82.4,5.1
306,Barrow,85,AR,09/04/19,49,-38.31,-60.23,47.21000000000008,5.48
307,Salinas,90,US,09/04/19,77,36.67,-121.66,87.99800000000002,1.5
308,Punta Arenas,75,CL,09/04/19,69,-53.16,-70.91,39.00200000000008,2.24
309,Pangnirtung,75,CA,09/04/19,93,66.15,-65.72,44.6,5.1
310,Rikitea,95,PF,09/04/19,71,-23.12,-134.97,72.95,3.31
311,Fortuna,1,US,09/04/19,72,40.6,-124.16,73.00400000000005,2.6
312,Nanortalik,95,GL,09/04/19,80,60.14,-45.24,43.070000000000064,4.51
313,Rikitea,95,PF,09/04/19,71,-23.12,-134.97,72.95,3.31
314,Nishihara,90,JP,09/04/19,88,35.74,139.53,75.99199999999999,1.5
315,Kahului,40,US,09/04/19,62,20.89,-156.47,84.2,5.1
316,Rio Grande,20,BR,09/04/19,31,-32.03,-52.1,60.8,8.2
317,Rio Grande,20,BR,09/04/19,31,-32.03,-52.1,60.8,8.2
318,Bluff,0,AU,09/04/19,28,-23.58,149.07,60.71000000000008,1.52
319,Qaanaaq,34,GL,09/04/19,45,77.48,-69.36,34.25,2.0
320,Kirkuk,0,IQ,09/04/19,19,35.47,44.4,86.99000000000002,3.44
321,Atuona,74,PF,09/04/19,74,-9.8,-139.03,78.53000000000004,3.92
322,Stykkisholmur,83,IS,09/04/19,84,65.08,-22.73,48.110000000000085,3.72
323,Cidreira,4,BR,09/04/19,43,-30.17,-50.22,55.85,6.01
324,Haicheng,60,CN,09/04/19,94,40.85,122.74,65.57000000000006,4.49
325,Abaza,0,RU,09/04/19,88,52.65,90.1,40.55,1.19
326,Mezen,100,RU,09/04/19,93,65.85,44.24,52.97000000000006,2.42
327,Vaini,100,IN,09/04/19,94,15.34,74.49,75.29000000000002,1.98
328,Vaini,100,IN,09/04/19,94,15.34,74.49,75.29000000000002,1.98
329,Blagodatnoye,75,RU,09/04/19,88,51.57,35.54,64.99400000000009,3.0
330,Husavik,100,CA,09/04/19,57,50.56,-96.99,69.99800000000002,2.24
331,Garowe,2,SO,09/04/19,36,8.41,48.48,86.09000000000003,6.32
332,Butaritari,95,KI,09/04/19,74,3.07,172.79,83.2100000000001,2.43
333,Isla Mujeres,40,MX,09/04/19,66,21.23,-86.73,87.80000000000001,6.2
334,Touros,75,BR,09/04/19,69,-5.2,-35.46,82.4,5.7
335,Sola,52,TZ,09/04/19,28,-3.17,33.8,77.63000000000005,1.16
336,Pisco,90,PE,09/04/19,30,-13.71,-76.2,71.6,4.1
337,Castro,0,CL,09/04/19,46,-42.48,-73.76,47.030000000000044,2.22
338,Buenos Aires,0,AR,09/04/19,32,-34.61,-58.44,55.004000000000055,3.6
339,Ushuaia,0,AR,09/04/19,60,-54.81,-68.31,41.0,10.8
340,Rikitea,95,PF,09/04/19,71,-23.12,-134.97,72.95,3.31
341,Punta Arenas,75,CL,09/04/19,69,-53.16,-70.91,39.00200000000008,2.24
342,Vila Franca do Campo,20,PT,09/04/19,64,37.72,-25.43,73.4,7.2
343,Hilo,90,US,09/04/19,88,19.71,-155.08,73.4,3.6
344,Port Elizabeth,20,US,09/04/19,62,39.31,-74.98,91.99400000000009,5.1
345,Hay River,75,CA,09/04/19,76,60.82,-115.79,53.6,4.6
346,Yerbogachen,79,RU,09/04/19,79,61.28,108.01,49.01000000000008,2.38
347,Prince Rupert,75,CA,09/04/19,93,54.32,-130.32,57.2,1.5
348,Hobart,29,AU,09/04/19,97,-42.88,147.33,46.004000000000055,2.6
349,Champerico,40,MX,09/04/19,52,16.38,-93.6,87.80000000000001,3.1
350,Rikitea,95,PF,09/04/19,71,-23.12,-134.97,72.95,3.31
351,Xining,84,CN,09/04/19,84,36.62,101.77,49.91000000000008,0.18
352,New Norfolk,29,AU,09/04/19,97,-42.78,147.06,46.004000000000055,2.6
353,Ushuaia,0,AR,09/04/19,60,-54.81,-68.31,41.0,10.8
354,Nanortalik,95,GL,09/04/19,80,60.14,-45.24,43.070000000000064,4.51
355,Butaritari,95,KI,09/04/19,74,3.07,172.79,83.2100000000001,2.43
356,Rikitea,95,PF,09/04/19,71,-23.12,-134.97,72.95,3.31
357,Kapaa,40,US,09/04/19,74,22.08,-159.32,82.4,5.1
358,Luderitz,89,NA,09/04/19,72,-26.65,15.16,60.8,6.7
359,Sarh,20,TD,09/04/19,78,9.14,18.39,78.80000000000001,1.01
360,Punta Arenas,75,CL,09/04/19,69,-53.16,-70.91,39.00200000000008,2.24
361,Tenkodogo,65,BF,09/04/19,64,11.78,-0.37,86.09000000000003,1.4
362,Zaria,94,NG,09/04/19,71,11.11,7.72,79.79000000000002,1.89
363,Nguru,100,NG,09/04/19,30,12.88,10.45,92.2100000000001,2.44
364,Altay,100,CN,09/04/19,56,47.83,88.13,51.71000000000008,3.36
365,East London,75,ZA,09/04/19,93,-33.02,27.91,59.0,2.6
366,Dire,75,ET,09/04/19,88,9.18,38.92,62.6,1.5
367,Cape Town,20,ZA,09/04/19,77,-33.93,18.42,60.00800000000001,10.3
368,Mandalgovi,55,MN,09/04/19,60,45.76,106.27,60.530000000000044,3.14
369,Kahului,40,US,09/04/19,62,20.89,-156.47,84.2,5.1
370,Coos Bay,75,US,09/04/19,68,43.37,-124.22,69.80000000000001,2.6
371,Kapaa,40,US,09/04/19,74,22.08,-159.32,82.4,5.1
372,Lata,100,IN,09/04/19,96,30.78,78.62,45.59000000000002,0.79
373,Hermanus,23,ZA,09/04/19,82,-34.42,19.24,57.992,0.89
374,Avarua,79,CK,09/04/19,68,-21.21,-159.78,71.6,6.2
375,San Cristobal,40,HN,09/04/19,66,14.68,-86.92,91.4,2.6
376,Daru,60,PG,09/04/19,79,-9.07,143.21,72.23000000000005,3.38
377,Nuuk,75,GL,09/04/19,70,64.17,-51.74,44.6,8.7
378,Punta Arenas,75,CL,09/04/19,69,-53.16,-70.91,39.00200000000008,2.24
379,Scarborough,59,GB,09/04/19,82,54.28,-0.41,60.00800000000001,9.8
380,Ushuaia,0,AR,09/04/19,60,-54.81,-68.31,41.0,10.8
381,Jalu,0,LY,09/04/19,44,29.03,21.55,86.45,10.58
382,De Aar,2,ZA,09/04/19,17,-30.65,24.01,61.43000000000004,5.23
383,Margate,29,AU,09/04/19,97,-43.03,147.26,46.004000000000055,2.1
384,Hilo,90,US,09/04/19,88,19.71,-155.08,73.4,3.6
385,Mago,83,RU,09/04/19,97,53.27,140.15,52.97000000000006,1.36
386,Cape Town,20,ZA,09/04/19,77,-33.93,18.42,60.00800000000001,10.3
387,Gamba,85,CN,09/04/19,81,28.28,88.52,42.17000000000006,0.66
388,Wawa,51,NG,09/04/19,77,9.9,4.41,80.15,1.47
389,Bar Harbor,90,US,09/04/19,88,44.39,-68.2,69.99800000000002,8.2
390,Provideniya,100,RU,09/04/19,92,64.42,-173.23,44.69000000000002,4.82
391,Blagoveshchensk,40,RU,09/04/19,94,50.29,127.53,68.0,2.0
392,Petropavlovsk-Kamchatskiy,75,RU,09/04/19,100,53.05,158.65,50.0,3.0
393,Mataura,100,NZ,09/04/19,96,-46.19,168.86,46.004000000000055,1.73
394,Acari,4,BR,09/04/19,26,-6.44,-36.64,97.25,6.52
395,Georgetown,75,GY,09/04/19,88,6.8,-58.16,82.4,5.1
396,Road Town,20,VG,09/04/19,59,18.42,-64.62,89.6,4.6
397,Khatanga,15,RU,09/04/19,74,71.98,102.47,30.11000000000008,1.75
398,Busselton,79,AU,09/04/19,65,-33.64,115.35,39.00200000000008,5.12
399,Poum,20,MK,09/04/19,49,41.28,20.71,69.80000000000001,2.1
400,Kapaa,40,US,09/04/19,74,22.08,-159.32,82.4,5.1
401,Tuktoyaktuk,75,CA,09/04/19,87,69.44,-133.03,46.4,2.1
402,Bredasdorp,65,ZA,09/04/19,81,-34.53,20.04,57.00200000000008,2.1
403,Bluff,0,AU,09/04/19,28,-23.58,149.07,60.71000000000008,1.52
404,Ushuaia,0,AR,09/04/19,60,-54.81,-68.31,41.0,10.8
405,Hamilton,90,CA,09/04/19,72,43.26,-79.87,71.00600000000003,7.2
406,Saint-Philippe,75,CA,09/04/19,60,45.36,-73.48,75.2,10.8
407,Dikson,100,RU,09/04/19,98,73.51,80.55,43.25,8.45
408,Nikolskoye,20,RU,09/04/19,72,59.7,30.79,62.99600000000005,3.0
409,Caucaia,20,BR,09/04/19,62,-3.73,-38.66,86.0,8.2
410,Tuatapere,100,NZ,09/04/19,96,-46.13,167.69,46.004000000000055,1.83
411,Cape Town,20,ZA,09/04/19,77,-33.93,18.42,60.00800000000001,10.3
412,Ileza,15,RU,09/04/19,92,61.05,43.9,52.25,2.52
413,Ulladulla,81,AU,09/04/19,87,-35.36,150.48,53.00600000000003,3.6
414,Verkhoturye,100,RU,09/04/19,98,58.86,60.81,48.29000000000002,1.0
415,Okhotsk,5,RU,09/04/19,90,59.36,143.24,43.79000000000002,1.41
416,Punta Arenas,75,CL,09/04/19,69,-53.16,-70.91,39.00200000000008,2.24
417,Emmett,1,US,09/04/19,38,43.87,-116.5,84.99199999999999,2.14
418,Punta Arenas,75,CL,09/04/19,69,-53.16,-70.91,39.00200000000008,2.24
419,Port Hedland,0,AU,09/04/19,93,-20.31,118.58,64.4,2.6
420,Tarakan,12,ID,09/04/19,86,3.3,117.63,79.25,1.44
421,San Juan de los Morros,76,VE,09/04/19,68,9.91,-67.35,81.95,2.58
422,New Norfolk,29,AU,09/04/19,97,-42.78,147.06,46.004000000000055,2.6
423,Sorland,40,NO,09/04/19,87,67.67,12.69,50.0,6.7
424,Cherskiy,14,RU,09/04/19,61,68.75,161.3,39.110000000000085,2.72
425,Ushuaia,0,AR,09/04/19,60,-54.81,-68.31,41.0,10.8
426,Hithadhoo,49,MV,09/04/19,77,-0.6,73.08,83.75,7.1
427,Saint-Philippe,75,CA,09/04/19,60,45.36,-73.48,75.2,10.8
428,Lagoa,20,PT,09/04/19,74,37.14,-8.45,82.99400000000009,3.6
429,Mataura,100,NZ,09/04/19,96,-46.19,168.86,46.004000000000055,1.73
430,Honningsvag,40,NO,09/04/19,71,70.98,25.97,51.8,3.1
431,Albany,90,US,09/04/19,73,42.65,-73.75,78.99800000000002,6.2
432,Castro,0,CL,09/04/19,46,-42.48,-73.76,47.030000000000044,2.22
433,Campbell River,75,CA,09/04/19,68,50.02,-125.24,64.99400000000009,5.1
434,Imbituba,75,BR,09/04/19,67,-28.24,-48.67,62.6,5.1
435,Atuona,74,PF,09/04/19,74,-9.8,-139.03,78.53000000000004,3.92
436,Albany,90,US,09/04/19,73,42.65,-73.75,78.99800000000002,6.2
437,Angoche,0,MZ,09/04/19,83,-16.23,39.91,70.07000000000006,2.73
438,Mar del Plata,0,AR,09/04/19,39,-46.43,-67.52,38.39000000000002,2.07
439,Busselton,79,AU,09/04/19,65,-33.64,115.35,39.00200000000008,5.12
440,Severo-Kurilsk,83,RU,09/04/19,92,50.68,156.12,49.91000000000008,9.46
441,Alta Floresta,24,BR,09/04/19,13,-9.87,-56.08,106.79000000000002,2.06
442,Lara,20,PE,09/04/19,18,-16.45,-71.53,69.80000000000001,4.1
443,Salalah,75,OM,09/04/19,88,17.01,54.1,80.6,2.1
444,Hermanus,23,ZA,09/04/19,82,-34.42,19.24,57.992,0.89
445,Barrow,85,AR,09/04/19,49,-38.31,-60.23,47.21000000000008,5.48
446,Hermanus,23,ZA,09/04/19,82,-34.42,19.24,57.992,0.89
447,Mataura,100,NZ,09/04/19,96,-46.19,168.86,46.004000000000055,1.73
448,Puerto Ayora,40,EC,09/04/19,65,-0.74,-90.35,78.80000000000001,9.8
449,Avarua,79,CK,09/04/19,68,-21.21,-159.78,71.6,6.2
450,Butterworth,75,MY,09/04/19,88,5.4,100.37,80.6,3.58
451,Rikitea,95,PF,09/04/19,71,-23.12,-134.97,72.95,3.31
452,Breves,70,BR,09/04/19,65,-1.68,-50.48,88.61000000000008,1.14
453,Tignere,83,CM,09/04/19,92,7.37,12.65,70.61000000000008,0.37
454,Hermanus,23,ZA,09/04/19,82,-34.42,19.24,57.992,0.89
455,Abha,40,SA,09/04/19,47,18.22,42.5,78.80000000000001,2.1
456,Linxia,18,CN,09/04/19,58,35.6,103.21,56.93000000000004,3.31
457,Puerto Ayora,40,EC,09/04/19,65,-0.74,-90.35,78.80000000000001,9.8
458,Busselton,79,AU,09/04/19,65,-33.64,115.35,39.00200000000008,5.12
459,Vardo,75,US,09/04/19,52,39.62,-77.74,91.99400000000009,4.6
460,Rikitea,95,PF,09/04/19,71,-23.12,-134.97,72.95,3.31
461,Nesna,20,NO,09/04/19,76,66.2,13.02,53.6,1.0
462,Chuy,48,UY,09/04/19,59,-33.69,-53.46,48.650000000000006,6.67
463,Rikitea,95,PF,09/04/19,71,-23.12,-134.97,72.95,3.31
464,Hermanus,23,ZA,09/04/19,82,-34.42,19.24,57.992,0.89
465,Puerto Ayora,40,EC,09/04/19,65,-0.74,-90.35,78.80000000000001,9.8
466,Busselton,79,AU,09/04/19,65,-33.64,115.35,39.00200000000008,5.12
467,Padang,84,ID,09/04/19,84,-0.92,100.36,81.59000000000003,8.75
468,Tual,59,ID,09/04/19,87,-5.67,132.75,76.55000000000001,7.82
469,Glens Falls,90,US,09/04/19,88,43.31,-73.64,75.99199999999999,4.6
470,Ushuaia,0,AR,09/04/19,60,-54.81,-68.31,41.0,10.8
471,Saint-Philippe,75,CA,09/04/19,60,45.36,-73.48,75.2,10.8
472,Saint-Philippe,75,CA,09/04/19,60,45.36,-73.48,75.2,10.8
473,Oiba,67,CO,09/04/19,57,6.26,-73.3,78.53000000000004,2.6
474,Nalut,75,LY,09/04/19,49,31.86,10.98,80.87000000000006,9.15
475,Thompson,40,CA,09/04/19,61,55.74,-97.86,48.2,2.6
476,Tonekabon,90,IR,09/04/19,94,36.82,50.88,73.4,1.0
477,Pag,0,HR,09/04/19,43,44.45,15.06,73.4,3.1
478,Jamestown,13,AU,09/04/19,60,-33.21,138.6,54.77000000000007,3.61
479,Ushuaia,0,AR,09/04/19,60,-54.81,-68.31,41.0,10.8
480,Mehamn,21,NO,09/04/19,71,71.03,27.85,53.6,1.5
481,Colomiers,0,FR,09/04/19,30,43.61,1.33,80.6,6.2
482,Faanui,16,PF,09/04/19,82,-16.48,-151.75,78.53000000000004,10.51
483,Longyearbyen,75,NO,09/04/19,80,78.22,15.63,33.8,2.1
484,Hobart,29,AU,09/04/19,97,-42.88,147.33,46.004000000000055,2.6
485,Hasaki,75,JP,09/04/19,83,35.73,140.83,73.4,1.5
486,Torbay,75,CA,09/04/19,77,47.66,-52.73,71.00600000000003,4.1
487,Albany,90,US,09/04/19,73,42.65,-73.75,78.99800000000002,6.2
488,Muret,0,FR,09/04/19,30,43.46,1.33,80.6,6.2
489,Port Lincoln,8,AU,09/04/19,81,-34.72,135.86,57.47000000000006,8.34
490,Tuktoyaktuk,75,CA,09/04/19,87,69.44,-133.03,46.4,2.1
491,Mao,20,DO,09/04/19,46,19.55,-71.08,93.99199999999999,7.2
492,Hobart,29,AU,09/04/19,97,-42.88,147.33,46.004000000000055,2.6
493,Butaritari,95,KI,09/04/19,74,3.07,172.79,83.2100000000001,2.43
494,Baruun-Urt,100,MN,09/04/19,60,46.68,113.28,60.530000000000044,4.61
495,Ponta do Sol,0,BR,09/04/19,21,-20.63,-46.0,91.49000000000002,2.54
496,Victoria,75,BN,09/04/19,88,5.28,115.24,80.6,2.07
497,Linares,100,CL,09/04/19,52,-35.85,-71.6,58.190000000000026,0.77
498,Mataura,100,NZ,09/04/19,96,-46.19,168.86,46.004000000000055,1.73
499,Harper,40,US,09/04/19,38,30.3,-99.24,91.4,4.6
500,Saskylakh,84,RU,09/04/19,84,71.97,114.09,31.73000000000004,4.89
501,Karpogory,38,RU,09/04/19,86,64.0,44.44,57.47000000000006,2.9
502,Dikson,100,RU,09/04/19,98,73.51,80.55,43.25,8.45
503,Kapaa,40,US,09/04/19,74,22.08,-159.32,82.4,5.1
504,Tura,72,RU,09/04/19,91,64.27,100.22,43.25,1.89
505,Ostrovnoy,100,RU,09/04/19,78,68.05,39.51,52.79000000000002,5.11
506,Mataura,100,NZ,09/04/19,96,-46.19,168.86,46.004000000000055,1.73
507,Lorengau,94,PG,09/04/19,87,-2.02,147.27,78.53000000000004,5.14
508,Fortuna,1,US,09/04/19,72,40.6,-124.16,73.00400000000005,2.6
509,Katsuura,75,JP,09/04/19,88,33.93,134.5,77.0,2.1
510,Constitucion,40,MX,09/04/19,55,23.99,-104.67,68.0,2.6
511,Puerto Ayora,40,EC,09/04/19,65,-0.74,-90.35,78.80000000000001,9.8
512,Ponta do Sol,0,BR,09/04/19,21,-20.63,-46.0,91.49000000000002,2.54
513,Georgetown,75,GY,09/04/19,88,6.8,-58.16,82.4,5.1
514,Saskylakh,84,RU,09/04/19,84,71.97,114.09,31.73000000000004,4.89
515,Hermanus,23,ZA,09/04/19,82,-34.42,19.24,57.992,0.89
516,Xuanzhou,94,CN,09/04/19,92,30.95,118.78,72.77000000000007,2.07
517,Hermanus,23,ZA,09/04/19,82,-34.42,19.24,57.992,0.89
518,Ucluelet,75,CA,09/04/19,82,48.94,-125.55,64.99400000000009,1.5
519,Rikitea,95,PF,09/04/19,71,-23.12,-134.97,72.95,3.31
520,Cape Town,20,ZA,09/04/19,77,-33.93,18.42,60.00800000000001,10.3
521,Cape Town,20,ZA,09/04/19,77,-33.93,18.42,60.00800000000001,10.3
522,Kapaa,40,US,09/04/19,74,22.08,-159.32,82.4,5.1
523,Hermanus,23,ZA,09/04/19,82,-34.42,19.24,57.992,0.89
524,Khatanga,15,RU,09/04/19,74,71.98,102.47,30.11000000000008,1.75
525,Tasiilaq,75,GL,09/04/19,65,65.61,-37.64,44.6,10.8
526,Kahului,40,US,09/04/19,62,20.89,-156.47,84.2,5.1
527,Rikitea,95,PF,09/04/19,71,-23.12,-134.97,72.95,3.31
528,Jamestown,13,AU,09/04/19,60,-33.21,138.6,54.77000000000007,3.61
529,Busselton,79,AU,09/04/19,65,-33.64,115.35,39.00200000000008,5.12
530,Bluff,0,AU,09/04/19,28,-23.58,149.07,60.71000000000008,1.52
531,Tiksi,100,RU,09/04/19,91,71.64,128.87,42.17000000000006,3.35
532,Cabo San Lucas,5,MX,09/04/19,58,22.89,-109.91,93.00200000000008,3.1
533,Oxelosund,20,SE,09/04/19,82,58.67,17.1,60.8,4.1
534,Lapus,20,RO,09/04/19,68,47.5,24.02,66.2,1.0
535,Bilibino,0,RU,09/04/19,79,68.06,166.44,27.95,0.77
536,Albany,90,US,09/04/19,73,42.65,-73.75,78.99800000000002,6.2
537,Rikitea,95,PF,09/04/19,71,-23.12,-134.97,72.95,3.31
538,San Javier,19,BR,09/04/19,44,-27.87,-55.13,71.00600000000003,1.34
539,Ushuaia,0,AR,09/04/19,60,-54.81,-68.31,41.0,10.8
540,Kimbe,99,PG,09/04/19,85,-5.56,150.15,73.13000000000005,0.86
541,North Bend,75,US,09/04/19,68,43.41,-124.22,69.80000000000001,2.6
542,Grand Gaube,75,MU,09/04/19,83,-20.01,57.66,71.99600000000005,5.7
543,Ahipara,93,NZ,09/04/19,100,-35.17,173.16,55.99400000000007,9.5
544,Yellowknife,75,CA,09/04/19,66,62.45,-114.38,51.8,5.1
545,Barrow,85,AR,09/04/19,49,-38.31,-60.23,47.21000000000008,5.48
546,Kodiak,1,US,09/04/19,60,39.95,-94.76,78.00800000000001,2.1
547,Constitucion,40,MX,09/04/19,55,23.99,-104.67,68.0,2.6
548,Butaritari,95,KI,09/04/19,74,3.07,172.79,83.2100000000001,2.43
549,Nelson Bay,32,AU,09/04/19,67,-32.72,152.14,64.99400000000009,3.1
550,Rikitea,95,PF,09/04/19,71,-23.12,-134.97,72.95,3.31
551,Albany,90,US,09/04/19,73,42.65,-73.75,78.99800000000002,6.2
552,Mataura,100,NZ,09/04/19,96,-46.19,168.86,46.004000000000055,1.73
553,Tres Passos,19,BR,09/04/19,53,-27.46,-53.93,65.39000000000001,4.37
554,Puerto Ayora,40,EC,09/04/19,65,-0.74,-90.35,78.80000000000001,9.8
555,Kieta,14,PG,09/04/19,82,-6.22,155.63,78.53000000000004,2.78
556,Tuktoyaktuk,75,CA,09/04/19,87,69.44,-133.03,46.4,2.1
557,Jamestown,13,AU,09/04/19,60,-33.21,138.6,54.77000000000007,3.61
558,Hobart,29,AU,09/04/19,97,-42.88,147.33,46.004000000000055,2.6
559,Cardonal,15,MX,09/04/19,51,20.06,-99.23,70.79000000000002,2.05
560,Chuy,48,UY,09/04/19,59,-33.69,-53.46,48.650000000000006,6.67
561,Hilo,90,US,09/04/19,88,19.71,-155.08,73.4,3.6
562,Beloha,0,MG,09/04/19,79,-25.17,45.06,67.19000000000003,5.42
563,Punta Arenas,75,CL,09/04/19,69,-53.16,-70.91,39.00200000000008,2.24
564,Esna,75,RO,09/04/19,63,45.2,27.57,66.2,6.2
565,Tuktoyaktuk,75,CA,09/04/19,87,69.44,-133.03,46.4,2.1
566,Temnikov,0,RU,09/04/19,84,54.63,43.21,52.43000000000004,1.99
567,Varkaus,75,FI,09/04/19,77,62.32,27.87,59.0,2.1
568,Tsumeb,0,NA,09/04/19,11,-19.25,17.72,71.6,2.53
569,Mataura,100,NZ,09/04/19,96,-46.19,168.86,46.004000000000055,1.73
570,Rikitea,95,PF,09/04/19,71,-23.12,-134.97,72.95,3.31
571,Nanortalik,95,GL,09/04/19,80,60.14,-45.24,43.070000000000064,4.51
572,Severo-Kurilsk,83,RU,09/04/19,92,50.68,156.12,49.91000000000008,9.46
573,Cape Town,20,ZA,09/04/19,77,-33.93,18.42,60.00800000000001,10.3
574,Vardo,75,US,09/04/19,52,39.62,-77.74,91.99400000000009,4.6
575,Yellowknife,75,CA,09/04/19,66,62.45,-114.38,51.8,5.1
576,Port Hardy,40,CA,09/04/19,82,50.7,-127.42,59.0,2.1
577,Turmalina,0,BR,09/04/19,15,-17.29,-42.73,92.75,3.23
578,Mar del Plata,0,AR,09/04/19,39,-46.43,-67.52,38.39000000000002,2.07
579,Port Alfred,95,ZA,09/04/19,93,-33.59,26.89,57.992,0.45
580,Nanortalik,95,GL,09/04/19,80,60.14,-45.24,43.070000000000064,4.51
581,Busselton,79,AU,09/04/19,65,-33.64,115.35,39.00200000000008,5.12
582,Tuy Hoa,87,VN,09/04/19,74,13.08,109.3,76.73000000000005,3.95
583,Bambous Virieux,75,MU,09/04/19,83,-20.34,57.76,71.99600000000005,5.7
584,Usinsk,0,RU,09/04/19,76,66.0,57.56,51.71000000000008,4.49
585,Ribeira Grande,20,PT,09/04/19,64,38.52,-28.7,75.2,8.2
586,Dikson,100,RU,09/04/19,98,73.51,80.55,43.25,8.45
587,Honningsvag,40,NO,09/04/19,71,70.98,25.97,51.8,3.1
588,Punta Arenas,75,CL,09/04/19,69,-53.16,-70.91,39.00200000000008,2.24
589,Provideniya,100,RU,09/04/19,92,64.42,-173.23,44.69000000000002,4.82
590,Myitkyina,73,MM,09/04/19,97,25.38,97.4,72.59000000000003,1.12
591,Mataura,100,NZ,09/04/19,96,-46.19,168.86,46.004000000000055,1.73
592,Tuktoyaktuk,75,CA,09/04/19,87,69.44,-133.03,46.4,2.1
593,Geraldton,20,CA,09/04/19,44,49.72,-86.95,60.8,3.6
594,Angicos,4,BR,09/04/19,47,-5.67,-36.6,89.15,7.85
595,Aklavik,90,CA,09/04/19,100,68.22,-135.01,50.0,2.1
596,Lebu,75,ET,09/04/19,88,8.96,38.73,62.6,1.5
597,Rikitea,95,PF,09/04/19,71,-23.12,-134.97,72.95,3.31
598,Naze,90,NG,09/04/19,93,5.43,7.07,75.65,1.84
599,Faanui,16,PF,09/04/19,82,-16.48,-151.75,78.53000000000004,10.51
600,Cape Town,20,ZA,09/04/19,77,-33.93,18.42,60.00800000000001,10.3
601,Isangel,45,VU,09/04/19,65,-19.55,169.27,71.15,5.07
602,Camocim,37,BR,09/04/19,43,-2.9,-40.84,91.85,6.0
603,Hithadhoo,49,MV,09/04/19,77,-0.6,73.08,83.75,7.1
604,Port Alfred,95,ZA,09/04/19,93,-33.59,26.89,57.992,0.45
605,Arraial do Cabo,75,BR,09/04/19,88,-22.97,-42.02,73.4,7.7
606,Jeremie,3,HT,09/04/19,70,18.65,-74.12,84.29000000000002,1.97
607,Chokurdakh,35,RU,09/04/19,71,70.62,147.9,40.37000000000006,3.05
608,Saint-Philippe,75,CA,09/04/19,60,45.36,-73.48,75.2,10.8
609,Rikitea,95,PF,09/04/19,71,-23.12,-134.97,72.95,3.31
610,Manakara,0,MG,09/04/19,89,-22.14,48.01,65.57000000000006,2.02
611,Rikitea,95,PF,09/04/19,71,-23.12,-134.97,72.95,3.31
612,Chuy,48,UY,09/04/19,59,-33.69,-53.46,48.650000000000006,6.67
613,Tamiahua,43,MX,09/04/19,73,21.28,-97.45,81.59000000000003,3.73
614,Hami,0,CN,09/04/19,18,42.84,93.51,77.81000000000009,1.64
615,Uribia,99,CO,09/04/19,50,11.71,-72.27,93.65,6.45
616,Santiago del Estero,100,AR,09/04/19,50,-27.8,-64.26,51.17000000000006,3.37
617,Puerto Ayora,40,EC,09/04/19,65,-0.74,-90.35,78.80000000000001,9.8
618,Galle,100,GN,09/04/19,95,10.08,-12.83,73.49000000000002,1.38
619,Rikitea,95,PF,09/04/19,71,-23.12,-134.97,72.95,3.31
620,Kapaa,40,US,09/04/19,74,22.08,-159.32,82.4,5.1
621,Avarua,79,CK,09/04/19,68,-21.21,-159.78,71.6,6.2
622,Thompson,40,CA,09/04/19,61,55.74,-97.86,48.2,2.6
623,Hobart,29,AU,09/04/19,97,-42.88,147.33,46.004000000000055,2.6
624,Port Elizabeth,20,US,09/04/19,62,39.31,-74.98,91.99400000000009,5.1
625,Talnakh,75,RU,09/04/19,87,69.49,88.39,48.2,1.0
626,Port Alfred,95,ZA,09/04/19,93,-33.59,26.89,57.992,0.45
627,Clyde River,75,CA,09/04/19,75,70.47,-68.59,44.6,4.6
628,Minab,0,IR,09/04/19,52,27.15,57.07,91.4,1.0
629,Hermanus,23,ZA,09/04/19,82,-34.42,19.24,57.992,0.89
630,Cape Town,20,ZA,09/04/19,77,-33.93,18.42,60.00800000000001,10.3
631,Port-Cartier,90,CA,09/04/19,93,50.03,-66.88,51.00800000000001,7.7
632,Bluff,0,AU,09/04/19,28,-23.58,149.07,60.71000000000008,1.52
633,Hermanus,23,ZA,09/04/19,82,-34.42,19.24,57.992,0.89
634,Baykit,81,RU,09/04/19,96,61.68,96.39,43.610000000000085,0.75
635,Ushuaia,0,AR,09/04/19,60,-54.81,-68.31,41.0,10.8
636,Rikitea,95,PF,09/04/19,71,-23.12,-134.97,72.95,3.31
637,Luderitz,89,NA,09/04/19,72,-26.65,15.16,60.8,6.7
638,Albany,90,US,09/04/19,73,42.65,-73.75,78.99800000000002,6.2
639,Manado,20,ID,09/04/19,83,1.49,124.85,73.4,1.0
640,Tsumeb,0,NA,09/04/19,11,-19.25,17.72,71.6,2.53
641,Arraial do Cabo,75,BR,09/04/19,88,-22.97,-42.02,73.4,7.7
642,Bluff,0,AU,09/04/19,28,-23.58,149.07,60.71000000000008,1.52
643,Albany,90,US,09/04/19,73,42.65,-73.75,78.99800000000002,6.2
644,Ngerengere,20,TZ,09/04/19,47,-6.76,38.13,80.6,5.1
645,Ushuaia,0,AR,09/04/19,60,-54.81,-68.31,41.0,10.8
646,Berlevag,0,NO,09/04/19,71,70.86,29.09,53.6,1.5
647,Punta Arenas,75,CL,09/04/19,69,-53.16,-70.91,39.00200000000008,2.24
648,Sinnamary,94,GF,09/04/19,76,5.38,-52.96,82.31000000000009,8.84
649,North Battleford,20,CA,09/04/19,72,52.78,-108.3,62.99600000000005,6.2
650,Baghdad,0,IQ,09/04/19,20,33.3,44.38,93.2,2.1
651,Mahebourg,75,MU,09/04/19,83,-20.41,57.7,71.99600000000005,5.7
652,Cape Town,20,ZA,09/04/19,77,-33.93,18.42,60.00800000000001,10.3
653,Da Lat,100,VN,09/04/19,99,11.95,108.44,67.37000000000006,1.57
654,Ponta do Sol,0,BR,09/04/19,21,-20.63,-46.0,91.49000000000002,2.54
655,Bud,75,NO,09/04/19,66,62.91,6.91,55.400000000000006,2.1
656,Ushuaia,0,AR,09/04/19,60,-54.81,-68.31,41.0,10.8
657,Bethel,90,US,09/04/19,93,60.79,-161.76,51.8,7.7
658,Teya,75,MX,09/04/19,56,21.05,-89.07,95.0,2.9
659,Albany,90,US,09/04/19,73,42.65,-73.75,78.99800000000002,6.2
660,Punta Arenas,75,CL,09/04/19,69,-53.16,-70.91,39.00200000000008,2.24
661,Katsuura,75,JP,09/04/19,88,33.93,134.5,77.0,2.1
662,Itarema,74,BR,09/04/19,52,-2.92,-39.92,86.99000000000002,7.54
663,Ushuaia,0,AR,09/04/19,60,-54.81,-68.31,41.0,10.8
664,Sao Filipe,0,CV,09/04/19,83,14.9,-24.5,81.05000000000001,5.43
665,Show Low,1,US,09/04/19,19,34.25,-110.03,93.99199999999999,6.2
666,Moroni,0,GR,09/04/19,69,35.09,24.92,78.99800000000002,6.7
667,Morehead,75,US,09/04/19,66,38.18,-83.43,87.99800000000002,2.6
668,Ishigaki,100,JP,09/04/19,79,24.34,124.16,83.03000000000004,14.68
669,Vao,25,EE,09/04/19,93,59.1,26.19,54.95,2.69
670,Ushuaia,0,AR,09/04/19,60,-54.81,-68.31,41.0,10.8
671,Sveio,75,NO,09/04/19,82,59.54,5.35,55.99400000000007,7.2
672,Faya,40,SA,09/04/19,47,18.39,42.45,78.80000000000001,2.1
673,Chokurdakh,35,RU,09/04/19,71,70.62,147.9,40.37000000000006,3.05
674,Fairbanks,75,US,09/04/19,81,64.84,-147.72,53.00600000000003,0.95
675,Buin,100,CL,09/04/19,41,-33.73,-70.74,71.99600000000005,2.58
676,Hobart,29,AU,09/04/19,97,-42.88,147.33,46.004000000000055,2.6
677,Saint-Philippe,75,CA,09/04/19,60,45.36,-73.48,75.2,10.8
678,Butaritari,95,KI,09/04/19,74,3.07,172.79,83.2100000000001,2.43
679,Hobart,29,AU,09/04/19,97,-42.88,147.33,46.004000000000055,2.6
680,Ancud,0,CL,09/04/19,51,-41.87,-73.83,50.81000000000009,3.96
681,Ponta do Sol,0,BR,09/04/19,21,-20.63,-46.0,91.49000000000002,2.54
682,Port Hardy,40,CA,09/04/19,82,50.7,-127.42,59.0,2.1
683,Castro,0,CL,09/04/19,46,-42.48,-73.76,47.030000000000044,2.22
684,Caravelas,62,BR,09/04/19,72,-17.73,-39.27,77.63000000000005,6.06
685,Carnarvon,12,ZA,09/04/19,18,-30.97,22.13,61.610000000000085,6.01
686,Mataura,100,NZ,09/04/19,96,-46.19,168.86,46.004000000000055,1.73
687,Lagoa,20,PT,09/04/19,74,37.14,-8.45,82.99400000000009,3.6
688,Saskylakh,84,RU,09/04/19,84,71.97,114.09,31.73000000000004,4.89
689,Carnarvon,12,ZA,09/04/19,18,-30.97,22.13,61.610000000000085,6.01
690,Ponta do Sol,0,BR,09/04/19,21,-20.63,-46.0,91.49000000000002,2.54
691,Pevek,0,RU,09/04/19,78,69.7,170.27,38.75,3.46
692,Sumenep,64,ID,09/04/19,89,-7.02,113.87,72.41000000000008,4.91
693,Omsukchan,93,RU,09/04/19,87,62.53,155.8,39.29000000000002,3.24
694,Albany,90,US,09/04/19,73,42.65,-73.75,78.99800000000002,6.2
695,Rikitea,95,PF,09/04/19,71,-23.12,-134.97,72.95,3.31
696,Antofagasta,60,CL,09/04/19,78,-23.65,-70.4,56.21000000000008,4.87
697,Fortuna,1,US,09/04/19,72,40.6,-124.16,73.00400000000005,2.6
698,Tiarei,75,PF,09/04/19,78,-17.53,-149.33,78.80000000000001,1.0
699,Buin,100,CL,09/04/19,41,-33.73,-70.74,71.99600000000005,2.58
700,Pochutla,5,MX,09/04/19,59,15.74,-96.47,91.99400000000009,2.55
701,Punta Arenas,75,CL,09/04/19,69,-53.16,-70.91,39.00200000000008,2.24
702,Mpika,0,ZM,09/04/19,42,-11.84,31.4,65.75,3.17
703,Moussoro,74,TD,09/04/19,44,13.64,16.49,90.41000000000008,5.46
704,Nicoya,20,CR,09/04/19,58,10.15,-85.45,87.80000000000001,3.1
705,Namibe,99,AO,09/04/19,83,-15.19,12.15,65.03000000000004,3.82
706,Chokurdakh,35,RU,09/04/19,71,70.62,147.9,40.37000000000006,3.05
707,Atuona,74,PF,09/04/19,74,-9.8,-139.03,78.53000000000004,3.92
708,Hithadhoo,49,MV,09/04/19,77,-0.6,73.08,83.75,7.1
709,Saldanha,1,PT,09/04/19,25,41.42,-6.55,85.01000000000008,5.14
710,Cabo San Lucas,5,MX,09/04/19,58,22.89,-109.91,93.00200000000008,3.1
711,Ilulissat,75,GL,09/04/19,61,69.22,-51.1,46.4,2.1
712,Huarmey,82,PE,09/04/19,88,-10.07,-78.15,60.89000000000002,3.61
713,Leh,0,IN,09/04/19,29,34.16,77.58,50.99000000000002,2.48
714,Avarua,79,CK,09/04/19,68,-21.21,-159.78,71.6,6.2
715,Torbay,75,CA,09/04/19,77,47.66,-52.73,71.00600000000003,4.1
716,Xiangxiang,17,CN,09/04/19,85,27.73,112.52,70.61000000000008,2.33
717,Namatanai,100,PG,09/04/19,87,-3.66,152.44,77.09000000000003,6.42
718,Kapaa,40,US,09/04/19,74,22.08,-159.32,82.4,5.1
719,Mataura,100,NZ,09/04/19,96,-46.19,168.86,46.004000000000055,1.73
720,Rikitea,95,PF,09/04/19,71,-23.12,-134.97,72.95,3.31
721,Castro,0,CL,09/04/19,46,-42.48,-73.76,47.030000000000044,2.22
722,Ushuaia,0,AR,09/04/19,60,-54.81,-68.31,41.0,10.8
723,Busselton,79,AU,09/04/19,65,-33.64,115.35,39.00200000000008,5.12
724,Komsomolskiy,20,RU,09/04/19,84,67.55,63.78,49.73000000000005,3.19
725,Abonnema,82,NG,09/04/19,86,4.71,6.79,77.45,4.34
726,Ordubad,40,AZ,09/04/19,36,38.91,46.02,77.0,5.1
727,Rio Gallegos,40,AR,09/04/19,52,-51.62,-69.22,44.6,4.6
728,Rikitea,95,PF,09/04/19,71,-23.12,-134.97,72.95,3.31
729,Yanam,100,IN,09/04/19,90,16.73,82.22,76.19000000000003,6.22
730,Srivardhan,100,IN,09/04/19,90,18.03,73.02,77.45,6.74
731,Tuktoyaktuk,75,CA,09/04/19,87,69.44,-133.03,46.4,2.1
732,Arraial do Cabo,75,BR,09/04/19,88,-22.97,-42.02,73.4,7.7
733,Daru,60,PG,09/04/19,79,-9.07,143.21,72.23000000000005,3.38
734,Mahebourg,75,MU,09/04/19,83,-20.41,57.7,71.99600000000005,5.7
735,Ushuaia,0,AR,09/04/19,60,-54.81,-68.31,41.0,10.8
736,Taltal,3,CL,09/04/19,58,-25.41,-70.49,58.91000000000008,2.9
737,Jamestown,13,AU,09/04/19,60,-33.21,138.6,54.77000000000007,3.61
738,Pitkyaranta,0,RU,09/04/19,74,61.57,31.48,61.610000000000085,5.57
739,Flinders,0,AU,09/04/19,87,-34.58,150.85,60.998000000000026,3.6
740,Port Elizabeth,20,US,09/04/19,62,39.31,-74.98,91.99400000000009,5.1
741,Punta Arenas,75,CL,09/04/19,69,-53.16,-70.91,39.00200000000008,2.24
742,Mataura,100,NZ,09/04/19,96,-46.19,168.86,46.004000000000055,1.73
743,Yellowknife,75,CA,09/04/19,66,62.45,-114.38,51.8,5.1
744,Cape Town,20,ZA,09/04/19,77,-33.93,18.42,60.00800000000001,10.3
745,Lebu,75,ET,09/04/19,88,8.96,38.73,62.6,1.5
746,Busselton,79,AU,09/04/19,65,-33.64,115.35,39.00200000000008,5.12
747,Ushuaia,0,AR,09/04/19,60,-54.81,-68.31,41.0,10.8
748,Arraial do Cabo,75,BR,09/04/19,88,-22.97,-42.02,73.4,7.7
749,Pinawa,99,CA,09/04/19,59,50.15,-95.88,64.31000000000009,4.61
750,Butaritari,95,KI,09/04/19,74,3.07,172.79,83.2100000000001,2.43
751,Jamestown,13,AU,09/04/19,60,-33.21,138.6,54.77000000000007,3.61
752,Beringovskiy,100,RU,09/04/19,95,63.05,179.32,42.17000000000006,1.45
753,Hilo,90,US,09/04/19,88,19.71,-155.08,73.4,3.6
754,Vila Velha,20,BR,09/04/19,62,-3.71,-38.6,86.0,8.2
755,Atuona,74,PF,09/04/19,74,-9.8,-139.03,78.53000000000004,3.92
756,Kotelnich,4,RU,09/04/19,84,58.31,48.34,50.63000000000004,1.99
757,Harper,40,US,09/04/19,38,30.3,-99.24,91.4,4.6
758,Bathsheba,20,BB,09/04/19,70,13.22,-59.52,87.80000000000001,6.7
759,Bluff,0,AU,09/04/19,28,-23.58,149.07,60.71000000000008,1.52
760,Avera,40,US,09/04/19,58,33.19,-82.53,91.99400000000009,4.1
761,Tuktoyaktuk,75,CA,09/04/19,87,69.44,-133.03,46.4,2.1
762,Tura,72,RU,09/04/19,91,64.27,100.22,43.25,1.89
763,Ushuaia,0,AR,09/04/19,60,-54.81,-68.31,41.0,10.8
764,Guerrero Negro,0,MX,09/04/19,82,27.97,-114.04,72.23000000000005,3.31
765,Rikitea,95,PF,09/04/19,71,-23.12,-134.97,72.95,3.31
766,Bredasdorp,65,ZA,09/04/19,81,-34.53,20.04,57.00200000000008,2.1
767,Vaini,100,IN,09/04/19,94,15.34,74.49,75.29000000000002,1.98
768,Syracuse,40,US,09/04/19,69,43.05,-76.15,75.2,2.6
769,Uspenka,67,UA,09/04/19,38,48.39,39.16,76.19000000000003,3.66
770,Maceio,40,BR,09/04/19,69,-9.67,-35.74,80.6,3.1
771,Bluff,0,AU,09/04/19,28,-23.58,149.07,60.71000000000008,1.52
772,Punta Arenas,75,CL,09/04/19,69,-53.16,-70.91,39.00200000000008,2.24
773,Cape Town,20,ZA,09/04/19,77,-33.93,18.42,60.00800000000001,10.3
774,Ushuaia,0,AR,09/04/19,60,-54.81,-68.31,41.0,10.8
775,Rikitea,95,PF,09/04/19,71,-23.12,-134.97,72.95,3.31
776,Ushuaia,0,AR,09/04/19,60,-54.81,-68.31,41.0,10.8
777,Hermanus,23,ZA,09/04/19,82,-34.42,19.24,57.992,0.89
778,Busselton,79,AU,09/04/19,65,-33.64,115.35,39.00200000000008,5.12
779,Te Anau,100,NZ,09/04/19,85,-45.41,167.72,40.91000000000008,0.46
780,Qaanaaq,34,GL,09/04/19,45,77.48,-69.36,34.25,2.0
781,Bredasdorp,65,ZA,09/04/19,81,-34.53,20.04,57.00200000000008,2.1
782,Dikson,100,RU,09/04/19,98,73.51,80.55,43.25,8.45
783,Bluff,0,AU,09/04/19,28,-23.58,149.07,60.71000000000008,1.52
784,Yellowknife,75,CA,09/04/19,66,62.45,-114.38,51.8,5.1
785,Albany,90,US,09/04/19,73,42.65,-73.75,78.99800000000002,6.2
786,Punta Arenas,75,CL,09/04/19,69,-53.16,-70.91,39.00200000000008,2.24
787,Rikitea,95,PF,09/04/19,71,-23.12,-134.97,72.95,3.31
788,Souillac,0,FR,09/04/19,64,45.6,-0.6,73.4,8.2
789,Road Town,20,VG,09/04/19,59,18.42,-64.62,89.6,4.6
790,Broken Hill,0,AU,09/04/19,11,-31.97,141.45,64.4,2.6
791,Tuatapere,100,NZ,09/04/19,96,-46.13,167.69,46.004000000000055,1.83
792,Busselton,79,AU,09/04/19,65,-33.64,115.35,39.00200000000008,5.12
793,Cabo San Lucas,5,MX,09/04/19,58,22.89,-109.91,93.00200000000008,3.1
794,Carutapera,100,BR,09/04/19,70,-1.2,-46.02,83.03000000000004,5.12
795,Nieuw Amsterdam,40,SR,09/04/19,47,5.88,-55.08,95.0,1.0
796,Rikitea,95,PF,09/04/19,71,-23.12,-134.97,72.95,3.31
797,Kloulklubed,90,PW,09/04/19,88,7.04,134.26,77.0,3.1
798,Jamestown,13,AU,09/04/19,60,-33.21,138.6,54.77000000000007,3.61
799,Salamiyah,0,SY,09/04/19,76,35.01,37.05,70.79000000000002,4.78
800,Grindavik,90,IS,09/04/19,100,63.84,-22.43,50.0,3.6
801,Hermanus,23,ZA,09/04/19,82,-34.42,19.24,57.992,0.89
802,Ushuaia,0,AR,09/04/19,60,-54.81,-68.31,41.0,10.8
803,Busselton,79,AU,09/04/19,65,-33.64,115.35,39.00200000000008,5.12
804,Hofn,20,IS,09/04/19,46,64.25,-15.21,53.6,3.1
805,Cherskiy,14,RU,09/04/19,61,68.75,161.3,39.110000000000085,2.72
806,Busselton,79,AU,09/04/19,65,-33.64,115.35,39.00200000000008,5.12
807,Bluff,0,AU,09/04/19,28,-23.58,149.07,60.71000000000008,1.52
808,Albany,90,US,09/04/19,73,42.65,-73.75,78.99800000000002,6.2
809,Rikitea,95,PF,09/04/19,71,-23.12,-134.97,72.95,3.31
810,Ushuaia,0,AR,09/04/19,60,-54.81,-68.31,41.0,10.8
811,Namatanai,100,PG,09/04/19,87,-3.66,152.44,77.09000000000003,6.42
812,San Cristobal,40,HN,09/04/19,66,14.68,-86.92,91.4,2.6
813,Santa Marinella,0,IT,09/04/19,61,42.04,11.87,80.6,4.1
814,Avarua,79,CK,09/04/19,68,-21.21,-159.78,71.6,6.2
815,Luanda,0,AO,09/04/19,78,-8.83,13.24,75.2,3.6
816,Rikitea,95,PF,09/04/19,71,-23.12,-134.97,72.95,3.31
817,Mar del Plata,0,AR,09/04/19,39,-46.43,-67.52,38.39000000000002,2.07
818,Vestmannaeyjar,90,IS,09/04/19,100,63.44,-20.27,50.0,3.1
819,Rikitea,95,PF,09/04/19,71,-23.12,-134.97,72.95,3.31
820,Kodiak,1,US,09/04/19,60,39.95,-94.76,78.00800000000001,2.1
821,Rabo de Peixe,20,PT,09/04/19,64,37.8,-25.58,73.4,7.2
822,Busselton,79,AU,09/04/19,65,-33.64,115.35,39.00200000000008,5.12
823,New Norfolk,29,AU,09/04/19,97,-42.78,147.06,46.004000000000055,2.6
824,New Norfolk,29,AU,09/04/19,97,-42.78,147.06,46.004000000000055,2.6
825,Jamestown,13,AU,09/04/19,60,-33.21,138.6,54.77000000000007,3.61
826,Mataura,100,NZ,09/04/19,96,-46.19,168.86,46.004000000000055,1.73
827,Busselton,79,AU,09/04/19,65,-33.64,115.35,39.00200000000008,5.12
828,Kingaroy,0,AU,09/04/19,60,-26.54,151.84,42.8,1.0
829,Port Elizabeth,20,US,09/04/19,62,39.31,-74.98,91.99400000000009,5.1
830,Ruidoso,1,US,09/04/19,33,33.33,-105.67,91.99400000000009,6.2
831,Upernavik,5,GL,09/04/19,80,72.79,-56.15,43.070000000000064,5.54
832,Rikitea,95,PF,09/04/19,71,-23.12,-134.97,72.95,3.31
833,Voh,41,NC,09/04/19,69,-20.95,164.69,68.81000000000009,7.32
834,Kahului,40,US,09/04/19,62,20.89,-156.47,84.2,5.1
835,Yellowknife,75,CA,09/04/19,66,62.45,-114.38,51.8,5.1
836,Vaini,100,IN,09/04/19,94,15.34,74.49,75.29000000000002,1.98
837,Bergen,75,NO,09/04/19,93,60.39,5.33,53.99600000000005,3.1
838,Hermanus,23,ZA,09/04/19,82,-34.42,19.24,57.992,0.89
839,Puerto Ayora,40,EC,09/04/19,65,-0.74,-90.35,78.80000000000001,9.8
840,Bredasdorp,65,ZA,09/04/19,81,-34.53,20.04,57.00200000000008,2.1
841,Kohila,40,EE,09/04/19,82,59.17,24.75,60.998000000000026,2.1
842,Poum,20,MK,09/04/19,49,41.28,20.71,69.80000000000001,2.1
843,Upernavik,5,GL,09/04/19,80,72.79,-56.15,43.070000000000064,5.54
844,Zhigansk,67,RU,09/04/19,75,66.77,123.37,37.13000000000004,3.32
845,Tasiilaq,75,GL,09/04/19,65,65.61,-37.64,44.6,10.8
846,Makakilo City,1,US,09/04/19,66,21.35,-158.09,84.2,1.5
847,Waddan,0,LY,09/04/19,31,29.16,16.14,85.01000000000008,3.88
848,Igarka,71,RU,09/04/19,85,67.47,86.57,43.610000000000085,2.47
849,Kuminskiy,99,RU,09/04/19,99,58.67,66.57,49.37000000000006,2.13
850,Esperance,75,AU,09/04/19,93,-33.86,121.89,44.6,3.6
851,Zhigansk,67,RU,09/04/19,75,66.77,123.37,37.13000000000004,3.32
852,Richards Bay,7,ZA,09/04/19,76,-28.77,32.06,69.7100000000001,8.06
853,Waipawa,100,NZ,09/04/19,96,-39.94,176.59,53.00600000000003,1.4
854,Chokurdakh,35,RU,09/04/19,71,70.62,147.9,40.37000000000006,3.05
855,Kapaa,40,US,09/04/19,74,22.08,-159.32,82.4,5.1
856,Soke,51,ML,09/04/19,61,13.6,-5.94,86.99000000000002,2.49
857,Port Alfred,95,ZA,09/04/19,93,-33.59,26.89,57.992,0.45
858,Ushuaia,0,AR,09/04/19,60,-54.81,-68.31,41.0,10.8
859,Puerto Ayora,40,EC,09/04/19,65,-0.74,-90.35,78.80000000000001,9.8
860,Ushuaia,0,AR,09/04/19,60,-54.81,-68.31,41.0,10.8
861,Honningsvag,40,NO,09/04/19,71,70.98,25.97,51.8,3.1
862,Mana,46,NG,09/04/19,43,13.03,5.27,91.85,3.35
863,Nome,40,US,09/04/19,41,30.04,-94.42,95.0,3.6
864,Kapaa,40,US,09/04/19,74,22.08,-159.32,82.4,5.1
865,Rikitea,95,PF,09/04/19,71,-23.12,-134.97,72.95,3.31
866,Hasaki,75,JP,09/04/19,83,35.73,140.83,73.4,1.5
867,Ushuaia,0,AR,09/04/19,60,-54.81,-68.31,41.0,10.8
868,Hobart,29,AU,09/04/19,97,-42.88,147.33,46.004000000000055,2.6
869,Bredasdorp,65,ZA,09/04/19,81,-34.53,20.04,57.00200000000008,2.1
870,Punta Arenas,75,CL,09/04/19,69,-53.16,-70.91,39.00200000000008,2.24
871,Ushuaia,0,AR,09/04/19,60,-54.81,-68.31,41.0,10.8
872,Vao,25,EE,09/04/19,93,59.1,26.19,54.95,2.69
873,Necochea,98,AR,09/04/19,72,-38.55,-58.74,48.992,4.92
874,Broken Hill,0,AU,09/04/19,11,-31.97,141.45,64.4,2.6
875,Amapa,75,HN,09/04/19,49,15.09,-87.97,93.2,1.5
876,Hermanus,23,ZA,09/04/19,82,-34.42,19.24,57.992,0.89
877,Ushuaia,0,AR,09/04/19,60,-54.81,-68.31,41.0,10.8
878,Bluff,0,AU,09/04/19,28,-23.58,149.07,60.71000000000008,1.52
879,Tiksi,100,RU,09/04/19,91,71.64,128.87,42.17000000000006,3.35
880,Barrow,85,AR,09/04/19,49,-38.31,-60.23,47.21000000000008,5.48
881,Sheltozero,97,RU,09/04/19,96,61.37,35.37,52.43000000000004,3.14
882,Auki,100,NG,09/04/19,61,12.18,6.51,84.65,2.76
883,Puerto Ayora,40,EC,09/04/19,65,-0.74,-90.35,78.80000000000001,9.8
884,Tiksi,100,RU,09/04/19,91,71.64,128.87,42.17000000000006,3.35
885,Yar-Sale,97,RU,09/04/19,87,66.83,70.83,52.79000000000002,3.2
886,Albany,90,US,09/04/19,73,42.65,-73.75,78.99800000000002,6.2
887,Mahebourg,75,MU,09/04/19,83,-20.41,57.7,71.99600000000005,5.7
888,Hanzhong,96,CN,09/04/19,95,33.08,107.03,64.31000000000009,0.43
889,Alofi,100,NU,09/04/19,100,-19.06,-169.92,73.4,5.1
890,Avarua,79,CK,09/04/19,68,-21.21,-159.78,71.6,6.2
891,Dubti,0,ET,09/04/19,21,11.74,41.09,102.83000000000004,2.22
892,New Norfolk,29,AU,09/04/19,97,-42.78,147.06,46.004000000000055,2.6
893,Yellowknife,75,CA,09/04/19,66,62.45,-114.38,51.8,5.1
894,Albany,90,US,09/04/19,73,42.65,-73.75,78.99800000000002,6.2
895,Nikolskoye,20,RU,09/04/19,72,59.7,30.79,62.99600000000005,3.0
896,Vydrino,39,RU,09/04/19,88,51.46,104.64,51.530000000000044,0.27
897,Ushuaia,0,AR,09/04/19,60,-54.81,-68.31,41.0,10.8
898,Westport,75,US,09/04/19,61,41.14,-73.36,82.99400000000009,7.2
899,Hammerfest,75,NO,09/04/19,71,70.66,23.68,51.8,4.6
900,Port Hardy,40,CA,09/04/19,82,50.7,-127.42,59.0,2.1
901,Kirsanov,0,RU,09/04/19,64,52.65,42.73,57.110000000000085,2.97
902,Tiksi,100,RU,09/04/19,91,71.64,128.87,42.17000000000006,3.35
903,Salas,40,PE,09/04/19,29,-6.27,-79.61,66.2,2.1
904,Norman Wells,75,CA,09/04/19,93,65.28,-126.83,48.2,1.19
905,Luis Correia,20,BR,09/04/19,62,-2.88,-41.67,87.80000000000001,8.7
906,Hithadhoo,49,MV,09/04/19,77,-0.6,73.08,83.75,7.1
907,Bredasdorp,65,ZA,09/04/19,81,-34.53,20.04,57.00200000000008,2.1
908,Miracema do Tocantins,0,BR,09/04/19,13,-9.56,-48.4,107.15,1.28
909,Carnarvon,12,ZA,09/04/19,18,-30.97,22.13,61.610000000000085,6.01
910,Rikitea,95,PF,09/04/19,71,-23.12,-134.97,72.95,3.31
911,Zhigansk,67,RU,09/04/19,75,66.77,123.37,37.13000000000004,3.32
912,Ponta do Sol,0,BR,09/04/19,21,-20.63,-46.0,91.49000000000002,2.54
913,Yellowknife,75,CA,09/04/19,66,62.45,-114.38,51.8,5.1
914,Tura,72,RU,09/04/19,91,64.27,100.22,43.25,1.89
915,Sobolevo,17,RU,09/04/19,88,54.43,31.9,53.150000000000006,1.86
916,Georgetown,75,GY,09/04/19,88,6.8,-58.16,82.4,5.1
917,Upernavik,5,GL,09/04/19,80,72.79,-56.15,43.070000000000064,5.54
918,Busselton,79,AU,09/04/19,65,-33.64,115.35,39.00200000000008,5.12
919,Ponta do Sol,0,BR,09/04/19,21,-20.63,-46.0,91.49000000000002,2.54
920,Dikson,100,RU,09/04/19,98,73.51,80.55,43.25,8.45
921,Kloulklubed,90,PW,09/04/19,88,7.04,134.26,77.0,3.1
922,Albany,90,US,09/04/19,73,42.65,-73.75,78.99800000000002,6.2
923,Gold Coast,0,AU,09/04/19,87,-28.0,153.41,55.99400000000007,1.0
924,Ushuaia,0,AR,09/04/19,60,-54.81,-68.31,41.0,10.8
925,Rome,0,IT,09/04/19,61,41.89,12.48,80.6,3.1
926,Guerrero Negro,0,MX,09/04/19,82,27.97,-114.04,72.23000000000005,3.31
927,Cabo San Lucas,5,MX,09/04/19,58,22.89,-109.91,93.00200000000008,3.1
928,Rikitea,95,PF,09/04/19,71,-23.12,-134.97,72.95,3.31
929,Amapa,75,HN,09/04/19,49,15.09,-87.97,93.2,1.5
930,Altamont,1,CA,09/04/19,49,49.4,-98.5,71.99600000000005,5.7
931,Hermanus,23,ZA,09/04/19,82,-34.42,19.24,57.992,0.89
932,Kilindoni,2,TZ,09/04/19,80,-7.91,39.67,78.17000000000007,8.15
933,Saldanha,1,PT,09/04/19,25,41.42,-6.55,85.01000000000008,5.14
934,Saint George,0,GR,09/04/19,44,39.45,22.34,78.80000000000001,1.0
935,Port Elizabeth,20,US,09/04/19,62,39.31,-74.98,91.99400000000009,5.1
936,Ormara,36,PK,09/04/19,81,25.21,64.64,82.31000000000009,5.62
937,Rocky Mountain House,19,CA,09/04/19,53,52.38,-114.92,69.89000000000001,4.22
938,Fredericton,100,CA,09/04/19,56,45.97,-66.65,75.00200000000008,2.24
939,Nanortalik,95,GL,09/04/19,80,60.14,-45.24,43.070000000000064,4.51
940,Ushuaia,0,AR,09/04/19,60,-54.81,-68.31,41.0,10.8
941,Rikitea,95,PF,09/04/19,71,-23.12,-134.97,72.95,3.31
942,Avarua,79,CK,09/04/19,68,-21.21,-159.78,71.6,6.2
943,Elbistan,0,TR,09/04/19,27,38.2,37.19,65.39000000000001,5.05
944,Dikson,100,RU,09/04/19,98,73.51,80.55,43.25,8.45
945,Mackenzie,90,CA,09/04/19,76,55.34,-123.09,57.2,2.1
946,Kruisfontein,99,ZA,09/04/19,85,-34.0,24.73,54.95,1.32
947,Pevek,0,RU,09/04/19,78,69.7,170.27,38.75,3.46
948,Vila Velha,20,BR,09/04/19,62,-3.71,-38.6,86.0,8.2
949,Rikitea,95,PF,09/04/19,71,-23.12,-134.97,72.95,3.31
950,Wanaka,100,NZ,09/04/19,89,-44.7,169.14,31.910000000000082,0.95
951,Barrow,85,AR,09/04/19,49,-38.31,-60.23,47.21000000000008,5.48
952,Port Hardy,40,CA,09/04/19,82,50.7,-127.42,59.0,2.1
953,Puerto Ayora,40,EC,09/04/19,65,-0.74,-90.35,78.80000000000001,9.8
954,Punta Arenas,75,CL,09/04/19,69,-53.16,-70.91,39.00200000000008,2.24
955,Maumere,52,ID,09/04/19,68,-8.63,122.22,71.69000000000003,2.29
956,Hambantota,100,LK,09/04/19,80,6.12,81.12,82.13000000000005,7.42
957,Tuktoyaktuk,75,CA,09/04/19,87,69.44,-133.03,46.4,2.1
958,Yellowknife,75,CA,09/04/19,66,62.45,-114.38,51.8,5.1
959,Lagoa,20,PT,09/04/19,74,37.14,-8.45,82.99400000000009,3.6
960,Thompson,40,CA,09/04/19,61,55.74,-97.86,48.2,2.6
961,Busselton,79,AU,09/04/19,65,-33.64,115.35,39.00200000000008,5.12
962,Cape Town,20,ZA,09/04/19,77,-33.93,18.42,60.00800000000001,10.3
963,Rikitea,95,PF,09/04/19,71,-23.12,-134.97,72.95,3.31
964,Hobart,29,AU,09/04/19,97,-42.88,147.33,46.004000000000055,2.6
965,Busselton,79,AU,09/04/19,65,-33.64,115.35,39.00200000000008,5.12
966,Ineu,0,RO,09/04/19,49,46.43,21.84,69.99800000000002,1.5
967,Airai,97,TL,09/04/19,86,-8.93,125.41,66.11000000000008,2.15
968,Punta Arenas,75,CL,09/04/19,69,-53.16,-70.91,39.00200000000008,2.24
969,Busselton,79,AU,09/04/19,65,-33.64,115.35,39.00200000000008,5.12
970,Rikitea,95,PF,09/04/19,71,-23.12,-134.97,72.95,3.31
971,Ribeira Grande,20,PT,09/04/19,64,38.52,-28.7,75.2,8.2
972,Ponta do Sol,0,BR,09/04/19,21,-20.63,-46.0,91.49000000000002,2.54
973,Nilanga,100,IN,09/04/19,94,18.12,76.75,71.51000000000008,9.21
974,New Norfolk,29,AU,09/04/19,97,-42.78,147.06,46.004000000000055,2.6
975,Bredasdorp,65,ZA,09/04/19,81,-34.53,20.04,57.00200000000008,2.1
976,Comodoro Rivadavia,0,AR,09/04/19,45,-45.87,-67.48,42.8,3.1
977,Ushuaia,0,AR,09/04/19,60,-54.81,-68.31,41.0,10.8
978,Constitucion,40,MX,09/04/19,55,23.99,-104.67,68.0,2.6
979,Kodiak,1,US,09/04/19,60,39.95,-94.76,78.00800000000001,2.1
980,Aklavik,90,CA,09/04/19,100,68.22,-135.01,50.0,2.1
981,Saint-Paul,0,FR,09/04/19,33,45.22,1.9,73.99400000000009,3.6
982,Hermanus,23,ZA,09/04/19,82,-34.42,19.24,57.992,0.89
983,Rikitea,95,PF,09/04/19,71,-23.12,-134.97,72.95,3.31
984,Coruripe,29,BR,09/04/19,70,-10.12,-36.18,78.89000000000001,5.48
985,Jamestown,13,AU,09/04/19,60,-33.21,138.6,54.77000000000007,3.61
986,Hualmay,83,PE,09/04/19,86,-11.1,-77.61,61.070000000000064,3.88
987,Lebu,75,ET,09/04/19,88,8.96,38.73,62.6,1.5
988,Keti Bandar,90,PK,09/04/19,85,24.14,67.45,83.57000000000006,6.78
989,Riobamba,75,EC,09/04/19,55,-1.67,-78.65,84.2,5.1
990,Faya,40,SA,09/04/19,47,18.39,42.45,78.80000000000001,2.1
991,Hilo,90,US,09/04/19,88,19.71,-155.08,73.4,3.6
992,Upernavik,5,GL,09/04/19,80,72.79,-56.15,43.070000000000064,5.54
993,Soligalich,36,RU,09/04/19,91,59.08,42.29,51.89000000000002,2.7
994,Bathsheba,20,BB,09/04/19,70,13.22,-59.52,87.80000000000001,6.7
995,Hilo,90,US,09/04/19,88,19.71,-155.08,73.4,3.6
996,Jamestown,13,AU,09/04/19,60,-33.21,138.6,54.77000000000007,3.61
997,Cherskiy,14,RU,09/04/19,61,68.75,161.3,39.110000000000085,2.72
998,Kahului,40,US,09/04/19,62,20.89,-156.47,84.2,5.1
999,Narsaq,75,GL,09/04/19,87,60.91,-46.05,48.2,4.1
1000,Sinnamary,94,GF,09/04/19,76,5.38,-52.96,82.31000000000009,8.84
1001,Hobart,29,AU,09/04/19,97,-42.88,147.33,46.004000000000055,2.6
1002,Khatanga,15,RU,09/04/19,74,71.98,102.47,30.11000000000008,1.75
1003,Daru,60,PG,09/04/19,79,-9.07,143.21,72.23000000000005,3.38
1004,Ribeira Grande,20,PT,09/04/19,64,38.52,-28.7,75.2,8.2
1005,Saskylakh,84,RU,09/04/19,84,71.97,114.09,31.73000000000004,4.89
1006,Provideniya,100,RU,09/04/19,92,64.42,-173.23,44.69000000000002,4.82
1007,Bredasdorp,65,ZA,09/04/19,81,-34.53,20.04,57.00200000000008,2.1
1008,Auki,100,NG,09/04/19,61,12.18,6.51,84.65,2.76
1009,Egra,100,IN,09/04/19,89,21.9,87.54,81.41000000000008,2.81
1010,Ushuaia,0,AR,09/04/19,60,-54.81,-68.31,41.0,10.8
1011,Barrow,85,AR,09/04/19,49,-38.31,-60.23,47.21000000000008,5.48
1012,Hilo,90,US,09/04/19,88,19.71,-155.08,73.4,3.6
1013,Barrow,85,AR,09/04/19,49,-38.31,-60.23,47.21000000000008,5.48
1014,Saldanha,1,PT,09/04/19,25,41.42,-6.55,85.01000000000008,5.14
1015,Koumac,47,NC,09/04/19,69,-20.56,164.28,69.17000000000007,8.69
1016,Lorengau,94,PG,09/04/19,87,-2.02,147.27,78.53000000000004,5.14
1017,Busselton,79,AU,09/04/19,65,-33.64,115.35,39.00200000000008,5.12
1018,Mataura,100,NZ,09/04/19,96,-46.19,168.86,46.004000000000055,1.73
1019,Brae,75,GB,09/04/19,81,60.4,-1.35,50.0,10.3
1020,Rikitea,95,PF,09/04/19,71,-23.12,-134.97,72.95,3.31
1021,Mataura,100,NZ,09/04/19,96,-46.19,168.86,46.004000000000055,1.73
1022,Punta Arenas,75,CL,09/04/19,69,-53.16,-70.91,39.00200000000008,2.24
1023,Uruacu,0,BR,09/04/19,10,-14.52,-49.14,103.73000000000005,2.5
1024,Nioro,93,GM,09/04/19,57,13.79,-15.05,92.03000000000004,3.27
1025,Mawlaik,100,MM,09/04/19,95,23.63,94.42,71.51000000000008,1.17
1026,Nome,40,US,09/04/19,41,30.04,-94.42,95.0,3.6
1027,Victoria,75,BN,09/04/19,88,5.28,115.24,80.6,2.07
1028,Busselton,79,AU,09/04/19,65,-33.64,115.35,39.00200000000008,5.12
1029,Avarua,79,CK,09/04/19,68,-21.21,-159.78,71.6,6.2
1030,Bay-Khaak,100,RU,09/04/19,81,51.16,94.47,53.33000000000004,2.39
1031,Katsuura,75,JP,09/04/19,88,33.93,134.5,77.0,2.1
1032,Ushuaia,0,AR,09/04/19,60,-54.81,-68.31,41.0,10.8
1033,Itarema,74,BR,09/04/19,52,-2.92,-39.92,86.99000000000002,7.54
1034,Grand Island,1,US,09/04/19,60,40.92,-98.34,78.00800000000001,3.1
1035,Port Elizabeth,20,US,09/04/19,62,39.31,-74.98,91.99400000000009,5.1
1036,Atuona,74,PF,09/04/19,74,-9.8,-139.03,78.53000000000004,3.92
1037,Chokurdakh,35,RU,09/04/19,71,70.62,147.9,40.37000000000006,3.05
1038,Santa Rosa de Aguan,75,HN,09/04/19,71,15.95,-85.71,93.2,3.1
1039,Tosya,9,TR,09/04/19,49,41.02,34.04,58.91000000000008,2.44
1040,Hobart,29,AU,09/04/19,97,-42.88,147.33,46.004000000000055,2.6
1041,Makakilo City,1,US,09/04/19,66,21.35,-158.09,84.2,1.5
1042,College,75,US,09/04/19,81,64.86,-147.8,53.6,0.95
1043,Bredasdorp,65,ZA,09/04/19,81,-34.53,20.04,57.00200000000008,2.1
1044,Vaini,100,IN,09/04/19,94,15.34,74.49,75.29000000000002,1.98
1045,Mareeba,79,AU,09/04/19,93,-16.99,145.42,53.00600000000003,1.58
1046,Rikitea,95,PF,09/04/19,71,-23.12,-134.97,72.95,3.31
1047,Ushuaia,0,AR,09/04/19,60,-54.81,-68.31,41.0,10.8
1048,Quang Ngai,96,VN,09/04/19,84,15.12,108.8,72.77000000000007,1.24
1049,Nouadhibou,0,MR,09/04/19,61,20.93,-17.03,80.6,9.3
1050,Khatanga,15,RU,09/04/19,74,71.98,102.47,30.11000000000008,1.75
1051,Canon City,1,US,09/04/19,20,39.46,-117.13,82.4,3.1
1052,Urucara,90,BR,09/04/19,29,-2.54,-57.76,100.67000000000006,2.09
1053,Portland,90,US,09/04/19,83,43.66,-70.25,75.2,5.7
1054,Cabedelo,75,BR,09/04/19,74,-6.97,-34.84,80.6,6.2
1055,Ushuaia,0,AR,09/04/19,60,-54.81,-68.31,41.0,10.8
1056,Jamestown,13,AU,09/04/19,60,-33.21,138.6,54.77000000000007,3.61
1057,Mataura,100,NZ,09/04/19,96,-46.19,168.86,46.004000000000055,1.73
1058,Nikolskoye,20,RU,09/04/19,72,59.7,30.79,62.99600000000005,3.0
1059,Kedrovyy,0,RU,09/04/19,87,56.17,91.82,46.4,2.0
1060,Mataura,100,NZ,09/04/19,96,-46.19,168.86,46.004000000000055,1.73
1061,Nikolskoye,20,RU,09/04/19,72,59.7,30.79,62.99600000000005,3.0
1062,Portsmouth,20,GB,09/04/19,55,50.8,-1.08,66.00200000000008,4.6
1063,Pisco,90,PE,09/04/19,30,-13.71,-76.2,71.6,4.1
1064,Yellowknife,75,CA,09/04/19,66,62.45,-114.38,51.8,5.1
1065,Yanam,100,IN,09/04/19,90,16.73,82.22,76.19000000000003,6.22
1066,Levokumskoye,20,RU,09/04/19,45,44.82,44.66,70.25,1.68
1067,Matara,79,BI,09/04/19,68,-3.48,29.48,55.67000000000006,0.59
1068,San Patricio,38,PY,09/04/19,45,-26.98,-56.83,66.47000000000006,4.74
1069,Punta Arenas,75,CL,09/04/19,69,-53.16,-70.91,39.00200000000008,2.24
1070,Rikitea,95,PF,09/04/19,71,-23.12,-134.97,72.95,3.31
1071,Mataura,100,NZ,09/04/19,96,-46.19,168.86,46.004000000000055,1.73
1072,Mar del Plata,0,AR,09/04/19,39,-46.43,-67.52,38.39000000000002,2.07
1073,Jacareacanga,20,BR,09/04/19,44,-6.22,-57.76,98.60000000000001,2.6
1074,Avarua,79,CK,09/04/19,68,-21.21,-159.78,71.6,6.2
1075,Huarmey,82,PE,09/04/19,88,-10.07,-78.15,60.89000000000002,3.61
1076,Seoul,75,KR,09/04/19,106,37.57,126.98,73.4,0.5
1077,Larsnes,75,NO,09/04/19,71,62.2,5.58,53.6,4.1
1078,Hilo,90,US,09/04/19,88,19.71,-155.08,73.4,3.6
1079,Camacha,20,PT,09/04/19,69,33.08,-16.33,77.0,7.2
1080,Rikitea,95,PF,09/04/19,71,-23.12,-134.97,72.95,3.31
1081,Albany,90,US,09/04/19,73,42.65,-73.75,78.99800000000002,6.2
1082,Brody,94,UA,09/04/19,65,50.08,25.14,60.530000000000044,0.6
1083,Ushuaia,0,AR,09/04/19,60,-54.81,-68.31,41.0,10.8
1084,Rikitea,95,PF,09/04/19,71,-23.12,-134.97,72.95,3.31
1085,Ushuaia,0,AR,09/04/19,60,-54.81,-68.31,41.0,10.8
1086,Santa Clara,75,CU,09/04/19,74,22.41,-79.97,86.0,2.6
1087,Leningradskiy,100,RU,09/04/19,90,69.38,178.42,36.59000000000002,3.95
1088,Rio Gallegos,40,AR,09/04/19,52,-51.62,-69.22,44.6,4.6
1089,Atuona,74,PF,09/04/19,74,-9.8,-139.03,78.53000000000004,3.92
1090,Mwingi,86,KE,09/04/19,53,-0.93,38.07,71.15,5.42
1091,Albany,90,US,09/04/19,73,42.65,-73.75,78.99800000000002,6.2
1092,Port Alfred,95,ZA,09/04/19,93,-33.59,26.89,57.992,0.45
1093,Chokurdakh,35,RU,09/04/19,71,70.62,147.9,40.37000000000006,3.05
1094,Tuktoyaktuk,75,CA,09/04/19,87,69.44,-133.03,46.4,2.1
1095,Leningradskiy,100,RU,09/04/19,90,69.38,178.42,36.59000000000002,3.95
1096,Longyearbyen,75,NO,09/04/19,80,78.22,15.63,33.8,2.1
1097,Buchanan,75,LR,09/04/19,83,5.88,-10.05,82.4,6.7
1098,Fare,17,PF,09/04/19,81,-16.7,-151.02,77.99000000000002,10.78
1099,Matagami,100,NG,09/04/19,90,9.67,8.4,72.59000000000003,1.0
1100,Vanavara,2,RU,09/04/19,89,60.35,102.28,41.81000000000008,1.06
1101,Rikitea,95,PF,09/04/19,71,-23.12,-134.97,72.95,3.31
1102,Busselton,79,AU,09/04/19,65,-33.64,115.35,39.00200000000008,5.12
1103,Ushuaia,0,AR,09/04/19,60,-54.81,-68.31,41.0,10.8
1104,Rikitea,95,PF,09/04/19,71,-23.12,-134.97,72.95,3.31
1105,San Patricio,38,PY,09/04/19,45,-26.98,-56.83,66.47000000000006,4.74
1106,Tasiilaq,75,GL,09/04/19,65,65.61,-37.64,44.6,10.8
1107,Ushuaia,0,AR,09/04/19,60,-54.81,-68.31,41.0,10.8
1108,Bonthe,100,SL,09/04/19,89,7.53,-12.5,77.27000000000007,5.32
1109,Sabratah,0,LY,09/04/19,62,32.79,12.49,79.79000000000002,6.07
1110,Ushuaia,0,AR,09/04/19,60,-54.81,-68.31,41.0,10.8
1111,Cape Town,20,ZA,09/04/19,77,-33.93,18.42,60.00800000000001,10.3
1112,Severo-Kurilsk,83,RU,09/04/19,92,50.68,156.12,49.91000000000008,9.46
1113,Rikitea,95,PF,09/04/19,71,-23.12,-134.97,72.95,3.31
1114,Mananjary,45,MG,09/04/19,50,-19.16,46.8,66.47000000000006,0.96
1115,Ribeira Grande,20,PT,09/04/19,64,38.52,-28.7,75.2,8.2
1116,Maragogi,72,BR,09/04/19,81,-9.01,-35.22,77.27000000000007,4.5
1117,Vaini,100,IN,09/04/19,94,15.34,74.49,75.29000000000002,1.98
1118,Puerto Ayora,40,EC,09/04/19,65,-0.74,-90.35,78.80000000000001,9.8
1119,East London,75,ZA,09/04/19,93,-33.02,27.91,59.0,2.6
1120,Ushuaia,0,AR,09/04/19,60,-54.81,-68.31,41.0,10.8
1121,Katobu,98,ID,09/04/19,96,-4.94,122.53,70.07000000000006,1.22
1122,Aklavik,90,CA,09/04/19,100,68.22,-135.01,50.0,2.1
1123,Ribeira Grande,20,PT,09/04/19,64,38.52,-28.7,75.2,8.2
1124,Hasaki,75,JP,09/04/19,83,35.73,140.83,73.4,1.5
1125,Hun,49,BE,09/04/19,93,50.34,4.87,60.998000000000026,4.1
1126,Atuona,74,PF,09/04/19,74,-9.8,-139.03,78.53000000000004,3.92
1127,Victoria,75,BN,09/04/19,88,5.28,115.24,80.6,2.07
1128,Rikitea,95,PF,09/04/19,71,-23.12,-134.97,72.95,3.31
1129,Bluff,0,AU,09/04/19,28,-23.58,149.07,60.71000000000008,1.52
1130,Salalah,75,OM,09/04/19,88,17.01,54.1,80.6,2.1
1131,Mareeba,79,AU,09/04/19,93,-16.99,145.42,53.00600000000003,1.58
1132,Kavieng,100,PG,09/04/19,77,-2.57,150.8,81.77000000000007,4.04
1133,Hermanus,23,ZA,09/04/19,82,-34.42,19.24,57.992,0.89
1134,Puerto Ayora,40,EC,09/04/19,65,-0.74,-90.35,78.80000000000001,9.8
1135,Provideniya,100,RU,09/04/19,92,64.42,-173.23,44.69000000000002,4.82
1136,Hobart,29,AU,09/04/19,97,-42.88,147.33,46.004000000000055,2.6
1137,Vila Franca do Campo,20,PT,09/04/19,64,37.72,-25.43,73.4,7.2
1138,Atuona,74,PF,09/04/19,74,-9.8,-139.03,78.53000000000004,3.92
1139,Severo-Kurilsk,83,RU,09/04/19,92,50.68,156.12,49.91000000000008,9.46
1140,Dunedin,100,NZ,09/04/19,89,-45.87,170.5,48.992,5.63
1141,Tepechitlan,91,MX,09/04/19,49,21.67,-103.33,75.29000000000002,2.37
1142,Inuvik,75,CA,09/04/19,87,68.36,-133.71,50.0,4.6
1143,Rikitea,95,PF,09/04/19,71,-23.12,-134.97,72.95,3.31
1144,Bluff,0,AU,09/04/19,28,-23.58,149.07,60.71000000000008,1.52
1145,Albany,90,US,09/04/19,73,42.65,-73.75,78.99800000000002,6.2
1146,Jamestown,13,AU,09/04/19,60,-33.21,138.6,54.77000000000007,3.61
1147,Khatanga,15,RU,09/04/19,74,71.98,102.47,30.11000000000008,1.75
1148,Mar del Plata,0,AR,09/04/19,39,-46.43,-67.52,38.39000000000002,2.07
1149,Cap Malheureux,75,MU,09/04/19,83,-19.98,57.61,71.99600000000005,5.7
1150,Sao Francisco do Conde,40,BR,09/04/19,74,-12.63,-38.68,80.6,4.6
1151,Dikson,100,RU,09/04/19,98,73.51,80.55,43.25,8.45
1152,Zhongxing,90,CN,09/04/19,97,19.57,109.85,74.75,1.88
1153,Airai,97,TL,09/04/19,86,-8.93,125.41,66.11000000000008,2.15
1154,Cherskiy,14,RU,09/04/19,61,68.75,161.3,39.110000000000085,2.72
1155,Gat,75,SN,09/04/19,79,14.69,-16.54,95.0,4.1
1156,Fort Nelson,75,CA,09/04/19,59,58.81,-122.69,62.6,4.1
1157,Carnarvon,12,ZA,09/04/19,18,-30.97,22.13,61.610000000000085,6.01
1158,Punta Arenas,75,CL,09/04/19,69,-53.16,-70.91,39.00200000000008,2.24
1159,Tasiilaq,75,GL,09/04/19,65,65.61,-37.64,44.6,10.8
1160,Chokurdakh,35,RU,09/04/19,71,70.62,147.9,40.37000000000006,3.05
1161,Barrow,85,AR,09/04/19,49,-38.31,-60.23,47.21000000000008,5.48
1162,Jamestown,13,AU,09/04/19,60,-33.21,138.6,54.77000000000007,3.61
1163,Bluff,0,AU,09/04/19,28,-23.58,149.07,60.71000000000008,1.52
1164,Chumikan,98,RU,09/04/19,85,54.72,135.31,51.35,3.39
1165,Jamestown,13,AU,09/04/19,60,-33.21,138.6,54.77000000000007,3.61
1166,Punta Arenas,75,CL,09/04/19,69,-53.16,-70.91,39.00200000000008,2.24
1167,Kupang,76,ID,09/04/19,75,-10.16,123.6,73.31000000000009,5.01
1168,Marinhas,0,PT,09/04/19,54,41.56,-8.78,89.00600000000003,4.1
1169,Ushuaia,0,AR,09/04/19,60,-54.81,-68.31,41.0,10.8
1170,Mataura,100,NZ,09/04/19,96,-46.19,168.86,46.004000000000055,1.73
1171,Arraial do Cabo,75,BR,09/04/19,88,-22.97,-42.02,73.4,7.7
1172,Vaini,100,IN,09/04/19,94,15.34,74.49,75.29000000000002,1.98
1173,Tiksi,100,RU,09/04/19,91,71.64,128.87,42.17000000000006,3.35
1174,Qaanaaq,34,GL,09/04/19,45,77.48,-69.36,34.25,2.0
1175,Hermanus,23,ZA,09/04/19,82,-34.42,19.24,57.992,0.89
1176,Cabo San Lucas,5,MX,09/04/19,58,22.89,-109.91,93.00200000000008,3.1
1177,Kidal,45,ML,09/04/19,18,18.44,1.41,101.21000000000008,5.25
1178,Nalut,75,LY,09/04/19,49,31.86,10.98,80.87000000000006,9.15
1179,Yellowknife,75,CA,09/04/19,66,62.45,-114.38,51.8,5.1
1180,Uddevalla,90,SE,09/04/19,93,58.35,11.94,60.998000000000026,5.7
1181,Noumea,75,NC,09/04/19,82,-22.28,166.46,71.99600000000005,1.0
1182,Kununurra,0,AU,09/04/19,82,-15.77,128.74,66.2,2.87
1183,Sioux Lookout,75,CA,09/04/19,59,50.1,-91.92,60.8,5.1
1184,Coahuayana,90,MX,09/04/19,76,18.62,-100.35,81.41000000000008,1.55
1185,Ushuaia,0,AR,09/04/19,60,-54.81,-68.31,41.0,10.8
1186,Chumikan,98,RU,09/04/19,85,54.72,135.31,51.35,3.39
1187,Suez,0,EG,09/04/19,56,29.97,32.54,79.07000000000006,5.85
1188,Vaini,100,IN,09/04/19,94,15.34,74.49,75.29000000000002,1.98
1189,Talnakh,75,RU,09/04/19,87,69.49,88.39,48.2,1.0
1190,Atuona,74,PF,09/04/19,74,-9.8,-139.03,78.53000000000004,3.92
1191,Shetpe,41,KZ,09/04/19,39,44.14,52.16,64.31000000000009,2.41
1192,Hermanus,23,ZA,09/04/19,82,-34.42,19.24,57.992,0.89
1193,Fortuna,1,US,09/04/19,72,40.6,-124.16,73.00400000000005,2.6
1194,Port Blair,100,IN,09/04/19,83,11.67,92.75,82.31000000000009,10.43
1195,Nosy Varika,0,MG,09/04/19,84,-20.58,48.53,66.83000000000004,2.1
1196,Kodiak,1,US,09/04/19,60,39.95,-94.76,78.00800000000001,2.1
1197,Saskylakh,84,RU,09/04/19,84,71.97,114.09,31.73000000000004,4.89
1198,Salalah,75,OM,09/04/19,88,17.01,54.1,80.6,2.1
1199,Oktyabrskoye,0,RU,09/04/19,100,56.73,85.44,46.004000000000055,1.0
1200,Torbay,75,CA,09/04/19,77,47.66,-52.73,71.00600000000003,4.1
1201,Komsomolskiy,20,RU,09/04/19,84,67.55,63.78,49.73000000000005,3.19
1202,Omboue,27,GA,09/04/19,87,-1.57,9.26,75.11000000000008,7.1
1203,Bay-Khaak,100,RU,09/04/19,81,51.16,94.47,53.33000000000004,2.39
1204,Waycross,75,US,09/04/19,48,31.21,-82.35,89.00600000000003,9.3
1205,Vao,25,EE,09/04/19,93,59.1,26.19,54.95,2.69
1206,Albany,90,US,09/04/19,73,42.65,-73.75,78.99800000000002,6.2
1207,Busselton,79,AU,09/04/19,65,-33.64,115.35,39.00200000000008,5.12
1208,Rikitea,95,PF,09/04/19,71,-23.12,-134.97,72.95,3.31
1209,Kungurtug,73,RU,09/04/19,60,50.6,97.53,46.31000000000008,1.56
1210,Hilo,90,US,09/04/19,88,19.71,-155.08,73.4,3.6
1211,Cascais,0,PT,09/04/19,39,38.7,-9.42,87.80000000000001,8.7
1212,Manaira,8,BR,09/04/19,24,-7.71,-38.15,95.81000000000009,2.8
1213,Samarai,97,PG,09/04/19,72,-10.62,150.67,69.53000000000004,2.74
1214,Porto Nacional,0,BR,09/04/19,25,-10.7,-48.41,96.8,4.6
1215,Busselton,79,AU,09/04/19,65,-33.64,115.35,39.00200000000008,5.12
1216,Carnarvon,12,ZA,09/04/19,18,-30.97,22.13,61.610000000000085,6.01
1217,Vao,25,EE,09/04/19,93,59.1,26.19,54.95,2.69
1218,Vaini,100,IN,09/04/19,94,15.34,74.49,75.29000000000002,1.98
1219,Pevek,0,RU,09/04/19,78,69.7,170.27,38.75,3.46
1220,Mataura,100,NZ,09/04/19,96,-46.19,168.86,46.004000000000055,1.73
1221,Barrow,85,AR,09/04/19,49,-38.31,-60.23,47.21000000000008,5.48
1222,Batagay-Alyta,98,RU,09/04/19,89,67.8,130.41,30.83000000000004,2.32
1223,Puerto Ayacucho,40,CO,09/04/19,66,5.66,-67.63,87.80000000000001,2.46
1224,Ixtapa,40,MX,09/04/19,79,20.71,-105.21,89.00600000000003,2.6
1225,Hobart,29,AU,09/04/19,97,-42.88,147.33,46.004000000000055,2.6
1226,Orocue,62,CO,09/04/19,61,4.79,-71.34,88.43000000000004,1.93
1227,Lorengau,94,PG,09/04/19,87,-2.02,147.27,78.53000000000004,5.14
1228,Namatanai,100,PG,09/04/19,87,-3.66,152.44,77.09000000000003,6.42
1229,Alihe,59,CN,09/04/19,94,50.57,123.73,56.93000000000004,0.42
1230,Valley City,1,US,09/04/19,72,46.92,-98.0,66.2,6.2
1231,Busselton,79,AU,09/04/19,65,-33.64,115.35,39.00200000000008,5.12
1232,Olga,1,US,09/04/19,31,34.11,-118.17,95.0,3.6
1233,Mont-Dore,75,NC,09/04/19,82,-22.23,166.53,71.99600000000005,1.0
1234,Hasaki,75,JP,09/04/19,83,35.73,140.83,73.4,1.5
1235,Punta Arenas,75,CL,09/04/19,69,-53.16,-70.91,39.00200000000008,2.24
1236,Busselton,79,AU,09/04/19,65,-33.64,115.35,39.00200000000008,5.12
1237,Rikitea,95,PF,09/04/19,71,-23.12,-134.97,72.95,3.31
1238,Faya,40,SA,09/04/19,47,18.39,42.45,78.80000000000001,2.1
1239,Port Elizabeth,20,US,09/04/19,62,39.31,-74.98,91.99400000000009,5.1
1240,Dikson,100,RU,09/04/19,98,73.51,80.55,43.25,8.45
1241,Mataura,100,NZ,09/04/19,96,-46.19,168.86,46.004000000000055,1.73
1242,Qaanaaq,34,GL,09/04/19,45,77.48,-69.36,34.25,2.0
1243,Talnakh,75,RU,09/04/19,87,69.49,88.39,48.2,1.0
1244,Vangaindrano,18,MG,09/04/19,91,-23.35,47.6,66.65,1.16
1245,Sao Joao da Barra,0,BR,09/04/19,55,-21.64,-41.05,86.0,5.1
1246,Mataura,100,NZ,09/04/19,96,-46.19,168.86,46.004000000000055,1.73
1247,Mataura,100,NZ,09/04/19,96,-46.19,168.86,46.004000000000055,1.73
1248,Mataura,100,NZ,09/04/19,96,-46.19,168.86,46.004000000000055,1.73
1249,Falun,96,SE,09/04/19,81,60.61,15.63,53.99600000000005,4.1
1250,Puerto del Rosario,20,ES,09/04/19,65,28.5,-13.86,78.80000000000001,6.7
1251,Mansa,90,IN,09/04/19,94,23.43,72.66,78.80000000000001,1.5
1252,Nikolskoye,20,RU,09/04/19,72,59.7,30.79,62.99600000000005,3.0
1253,Cape Town,20,ZA,09/04/19,77,-33.93,18.42,60.00800000000001,10.3
1254,Provideniya,100,RU,09/04/19,92,64.42,-173.23,44.69000000000002,4.82
1255,Hermanus,23,ZA,09/04/19,82,-34.42,19.24,57.992,0.89
1256,Rikitea,95,PF,09/04/19,71,-23.12,-134.97,72.95,3.31
1257,Rikitea,95,PF,09/04/19,71,-23.12,-134.97,72.95,3.31
1258,Ust-Omchug,100,RU,09/04/19,94,61.13,149.63,45.41000000000008,4.19
1259,Ipameri,0,BR,09/04/19,14,-17.72,-48.16,97.79000000000002,3.32
1260,Rikitea,95,PF,09/04/19,71,-23.12,-134.97,72.95,3.31
1261,Ushuaia,0,AR,09/04/19,60,-54.81,-68.31,41.0,10.8
1262,Macusani,65,PE,09/04/19,79,-14.07,-70.43,39.110000000000085,5.19
1263,Katsuura,75,JP,09/04/19,88,33.93,134.5,77.0,2.1
1264,Sisimiut,13,GL,09/04/19,79,66.94,-53.67,41.99000000000002,10.8
1265,Atuona,74,PF,09/04/19,74,-9.8,-139.03,78.53000000000004,3.92
1266,Shimoda,39,JP,09/04/19,89,34.7,138.93,75.99199999999999,0.45
1267,Ketchikan,40,US,09/04/19,87,55.34,-131.65,57.2,5.7
1268,Russell,1,US,09/04/19,50,38.9,-98.86,87.00800000000001,6.7
1269,Punta Arenas,75,CL,09/04/19,69,-53.16,-70.91,39.00200000000008,2.24
1270,Narsaq,75,GL,09/04/19,87,60.91,-46.05,48.2,4.1
1271,Mar del Plata,0,AR,09/04/19,39,-46.43,-67.52,38.39000000000002,2.07
1272,Pangnirtung,75,CA,09/04/19,93,66.15,-65.72,44.6,5.1
1273,Busselton,79,AU,09/04/19,65,-33.64,115.35,39.00200000000008,5.12
1274,Ahipara,93,NZ,09/04/19,100,-35.17,173.16,55.99400000000007,9.5
1275,Santa Maria Ixhuatan,40,GT,09/04/19,64,14.19,-90.27,91.4,5.1
1276,Ostrovnoy,100,RU,09/04/19,78,68.05,39.51,52.79000000000002,5.11
1277,Bredasdorp,65,ZA,09/04/19,81,-34.53,20.04,57.00200000000008,2.1
1278,Saldanha,1,PT,09/04/19,25,41.42,-6.55,85.01000000000008,5.14
1279,Busselton,79,AU,09/04/19,65,-33.64,115.35,39.00200000000008,5.12
1280,Ushuaia,0,AR,09/04/19,60,-54.81,-68.31,41.0,10.8
1281,Butaritari,95,KI,09/04/19,74,3.07,172.79,83.2100000000001,2.43
1282,Saint George,0,GR,09/04/19,44,39.45,22.34,78.80000000000001,1.0
1283,Butaritari,95,KI,09/04/19,74,3.07,172.79,83.2100000000001,2.43
1284,Bredasdorp,65,ZA,09/04/19,81,-34.53,20.04,57.00200000000008,2.1
1285,Butaritari,95,KI,09/04/19,74,3.07,172.79,83.2100000000001,2.43
1286,Ushuaia,0,AR,09/04/19,60,-54.81,-68.31,41.0,10.8
1287,Saint-Augustin,75,CA,09/04/19,60,45.63,-73.98,75.99199999999999,10.8
1288,Yellowknife,75,CA,09/04/19,66,62.45,-114.38,51.8,5.1
1289,Hilo,90,US,09/04/19,88,19.71,-155.08,73.4,3.6
1290,Birjand,0,IR,09/04/19,12,32.86,59.22,80.6,3.1
1291,Kodiak,1,US,09/04/19,60,39.95,-94.76,78.00800000000001,2.1
1292,Porto Novo,75,BR,09/04/19,64,-23.68,-45.44,71.6,4.6
1293,Hermanus,23,ZA,09/04/19,82,-34.42,19.24,57.992,0.89
1294,Bredasdorp,65,ZA,09/04/19,81,-34.53,20.04,57.00200000000008,2.1
1295,Busselton,79,AU,09/04/19,65,-33.64,115.35,39.00200000000008,5.12
1296,Ballina,40,IE,09/04/19,71,54.11,-9.15,55.99400000000007,11.3
1297,Yar-Sale,97,RU,09/04/19,87,66.83,70.83,52.79000000000002,3.2
1298,Clyde River,75,CA,09/04/19,75,70.47,-68.59,44.6,4.6
1299,Torbay,75,CA,09/04/19,77,47.66,-52.73,71.00600000000003,4.1
1300,Barrow,85,AR,09/04/19,49,-38.31,-60.23,47.21000000000008,5.48
1301,Nome,40,US,09/04/19,41,30.04,-94.42,95.0,3.6
1302,Kapaa,40,US,09/04/19,74,22.08,-159.32,82.4,5.1
1303,Busselton,79,AU,09/04/19,65,-33.64,115.35,39.00200000000008,5.12
1304,Sibolga,100,ID,09/04/19,74,1.74,98.78,82.31000000000009,1.36
1305,Qaanaaq,34,GL,09/04/19,45,77.48,-69.36,34.25,2.0
1306,Rikitea,95,PF,09/04/19,71,-23.12,-134.97,72.95,3.31
1307,Ribeira Grande,20,PT,09/04/19,64,38.52,-28.7,75.2,8.2
1308,Longyearbyen,75,NO,09/04/19,80,78.22,15.63,33.8,2.1
1309,Punta Arenas,75,CL,09/04/19,69,-53.16,-70.91,39.00200000000008,2.24
1310,Alofi,100,NU,09/04/19,100,-19.06,-169.92,73.4,5.1
1311,Rikitea,95,PF,09/04/19,71,-23.12,-134.97,72.95,3.31
1312,Te Anau,100,NZ,09/04/19,85,-45.41,167.72,40.91000000000008,0.46
1313,Mataura,100,NZ,09/04/19,96,-46.19,168.86,46.004000000000055,1.73
1314,Fairbanks,75,US,09/04/19,81,64.84,-147.72,53.00600000000003,0.95
1315,Kirishi,13,RU,09/04/19,93,59.45,32.01,53.51000000000008,2.2
1316,Hasaki,75,JP,09/04/19,83,35.73,140.83,73.4,1.5
1317,Barrow,85,AR,09/04/19,49,-38.31,-60.23,47.21000000000008,5.48
1318,Talnakh,75,RU,09/04/19,87,69.49,88.39,48.2,1.0
1319,Bambous Virieux,75,MU,09/04/19,83,-20.34,57.76,71.99600000000005,5.7
1320,Thompson,40,CA,09/04/19,61,55.74,-97.86,48.2,2.6
1321,Busselton,79,AU,09/04/19,65,-33.64,115.35,39.00200000000008,5.12
1322,Flinders,0,AU,09/04/19,87,-34.58,150.85,60.998000000000026,3.6
1323,Hobart,29,AU,09/04/19,97,-42.88,147.33,46.004000000000055,2.6
1324,Springbok,97,ZA,09/04/19,78,-29.67,17.88,58.01000000000008,5.32
1325,Thompson,40,CA,09/04/19,61,55.74,-97.86,48.2,2.6
1326,Cidreira,4,BR,09/04/19,43,-30.17,-50.22,55.85,6.01
1327,Port Blair,100,IN,09/04/19,83,11.67,92.75,82.31000000000009,10.43
1328,Adrar,0,DZ,09/04/19,18,27.87,-0.29,102.2,2.6
1329,Black Diamond,1,CA,09/04/19,42,50.69,-114.23,73.99400000000009,6.7
1330,Puerto Ayora,40,EC,09/04/19,65,-0.74,-90.35,78.80000000000001,9.8
1331,Hermanus,23,ZA,09/04/19,82,-34.42,19.24,57.992,0.89
1332,Ilulissat,75,GL,09/04/19,61,69.22,-51.1,46.4,2.1
1333,Isangel,45,VU,09/04/19,65,-19.55,169.27,71.15,5.07
1334,Westport,75,US,09/04/19,61,41.14,-73.36,82.99400000000009,7.2
1335,Puerto Ayora,40,EC,09/04/19,65,-0.74,-90.35,78.80000000000001,9.8
1336,Nabire,95,ID,09/04/19,94,-3.36,135.5,68.45,2.11
1337,Kapaa,40,US,09/04/19,74,22.08,-159.32,82.4,5.1
1338,Chokurdakh,35,RU,09/04/19,71,70.62,147.9,40.37000000000006,3.05
1339,Flinders,0,AU,09/04/19,87,-34.58,150.85,60.998000000000026,3.6
1340,Albany,90,US,09/04/19,73,42.65,-73.75,78.99800000000002,6.2
1341,Chokurdakh,35,RU,09/04/19,71,70.62,147.9,40.37000000000006,3.05
1342,Paamiut,8,GL,09/04/19,73,61.99,-49.67,43.070000000000064,1.3
1343,Avarua,79,CK,09/04/19,68,-21.21,-159.78,71.6,6.2
1344,Aklavik,90,CA,09/04/19,100,68.22,-135.01,50.0,2.1
1345,Cabedelo,75,BR,09/04/19,74,-6.97,-34.84,80.6,6.2
1346,Labuhan,72,ID,09/04/19,88,-2.54,115.51,70.61000000000008,0.77
1347,Valparaiso,90,US,09/04/19,72,41.47,-87.06,71.99600000000005,4.1
1348,Cape Town,20,ZA,09/04/19,77,-33.93,18.42,60.00800000000001,10.3
1349,Waingapu,57,ID,09/04/19,91,-9.65,120.26,66.83000000000004,3.48
1350,Iqaluit,90,CA,09/04/19,65,63.75,-68.52,46.4,4.6
1351,Rikitea,95,PF,09/04/19,71,-23.12,-134.97,72.95,3.31
1352,Zalakomar,0,HU,09/04/19,60,46.54,17.18,69.80000000000001,0.86
1353,Mataura,100,NZ,09/04/19,96,-46.19,168.86,46.004000000000055,1.73
1354,Bluff,0,AU,09/04/19,28,-23.58,149.07,60.71000000000008,1.52
1355,Saint-Joseph,0,FR,09/04/19,61,43.56,6.97,82.4,3.6
1356,Labuhan,72,ID,09/04/19,88,-2.54,115.51,70.61000000000008,0.77
1357,Cabo San Lucas,5,MX,09/04/19,58,22.89,-109.91,93.00200000000008,3.1
1358,Atuona,74,PF,09/04/19,74,-9.8,-139.03,78.53000000000004,3.92
1359,Dingle,97,PH,09/04/19,80,11.0,122.67,73.31000000000009,1.01
1360,Eureka,1,US,09/04/19,72,40.8,-124.16,68.0,2.6
1361,Mataura,100,NZ,09/04/19,96,-46.19,168.86,46.004000000000055,1.73
